0,1,2,3,4,5,6,7,8,9,10,11,12,13,14,15,16,17,18,19,20,21,22,23,24,25,26,27,28,29,30,31,32,33,34,35,36,37,38,39,40,41,42,43,44,45,46,47,48,49,50,51,52,53,54,55,56,57,58,59,60,61,62,63,64,65,66,67,68,69,70,71,72,73,74,75,76,77
0.0,0.0,0.26138,0.0,0.0,0.0,0.0,0.0,0.0,0.0,0.0,0.0,0.0,0.0,0.0,0.0,0.01287,0.2653,0.0,0.26152,0.26727,0.26138,0.26261,0.0,0.26144,0.26437,0.0,0.0,0.0,0.0,0.0,0.0,0.0,0.0,0.0,0.0,0.0,0.02215,0.0,0.0,0.0,0.0,0.0,0.0,0.0,0.0,0.0,0.0,1.0,0.0,0.0,0.0,0.0,0.0,0.0,0.0,0.0,0.0,0.0,0.0,0.0,0.0,0.0,0.0,0.0,0.0,0.0,0.0,0.0,0.0,0.0,0.0,0.0,0.0,0.0,0.0,0.0,0.0
0.0,0.0,0.07151,0.0,0.0,0.0,0.0,0.0,0.0,0.0,0.0,0.0,0.0,0.0,0.0,0.0,0.05478,0.07644,0.0,0.07169,0.07893,0.07151,0.07306,0.0,0.07159,0.07527,0.0,0.0,0.0,0.0,0.0,0.0,0.0,0.0,0.0,0.0,0.0,0.09428,0.0,0.0,0.0,0.0,0.0,0.0,0.0,0.0,0.0,0.0,1.0,0.0,0.0,0.0,0.0,0.0,0.0,0.0,0.0,0.0,0.0,0.0,0.0,0.0,0.0,0.0,0.0,0.0,0.0,0.0,0.0,0.0,0.0,0.0,0.0,0.0,0.0,0.0,0.0,0.0
1.0,0.0,1e-05,0.07143,0.0,0.0,0.0,0.0,0.0,0.0,0.0,0.0,0.0,0.0,0.0,0.0,0.00159,1e-05,0.0,1e-05,1e-05,1e-05,1e-05,0.0,1e-05,1e-05,0.0,0.0,0.0,0.0,0.0,0.0,0.0,0.0,0.0,0.06897,0.0,0.00317,0.0,0.0,0.0,0.0,0.0,0.0,0.0,0.0,0.0,0.0,1.0,0.0,0.0,0.0,0.0,0.0,0.0,0.0,0.0,0.0,0.0,0.0,0.0,0.0,0.07143,0.0,0.0,0.0,0.00837,0.0,0.0,0.6,0.0,0.0,0.0,0.0,0.0,0.0,0.0,0.0
0.00704,0.35294,0.01367,0.17241,0.2449,0.70425,0.06636,0.75899,0.0,0.60758,0.61127,1.0,0.0,0.27095,0.76631,0.00065,1e-05,0.00086,0.01733,0.01583,0.0,0.00228,0.00032,0.00126,0.00091,0.0,0.01333,0.01243,0.01743,0.02357,0.0,0.0,0.0,0.0,0.0,0.47154,0.25403,1e-05,1e-05,0.0,1.0,0.29061,0.63743,0.40632,0.0,0.0,1.0,1.0,0.0,0.0,0.0,1.0,0.25,0.29915,0.60758,0.27095,0.0,0.0,0.0,0.0,0.0,0.0,0.17241,0.70425,0.2449,0.06636,0.12502,0.12522,0.375,0.5,0.0,0.0,0.0,0.0,0.0,0.0,0.0,0.0
0.0,0.0,0.23646,0.0,0.0,0.0,0.0,0.0,0.0,0.0,0.0,0.0,0.0,0.0,0.0,0.0,0.01466,0.24051,0.0,0.2366,0.24256,0.23646,0.23773,0.0,0.23653,0.23955,0.0,0.0,0.0,0.0,0.0,0.0,0.0,0.0,0.0,0.0,0.0,0.02523,0.0,0.0,0.0,0.0,0.0,0.0,0.0,0.0,0.0,0.0,1.0,0.0,0.0,0.0,0.0,0.0,0.0,0.0,0.0,0.0,0.0,0.0,0.0,0.0,0.0,0.0,0.0,0.0,0.0,0.0,0.0,0.0,0.0,0.0,0.0,0.0,0.0,0.0,0.0,0.0
0.00084,1.0,0.00028,0.01724,0.04082,0.0288,0.00584,0.02889,0.13667,0.13667,0.0,0.13356,1.0,0.14312,0.0,0.0023,0.00012,0.00013,0.00075,0.00029,0.0,0.00021,0.00029,0.0,0.00029,0.00029,0.0,0.0,0.0,0.0,1e-05,0.0,0.0,0.0,0.0,0.03252,0.01613,0.00012,0.00012,0.13667,0.13356,0.1112,0.12197,0.01488,0.0,0.0,0.0,0.0,0.0,0.0,0.0,0.0,0.25,0.13713,0.13667,0.14312,0.0,0.0,0.0,0.0,0.0,0.0,0.01724,0.0288,0.04082,0.00584,0.0,0.0,0.0625,0.2,0.0,0.0,0.0,0.0,0.0,0.0,0.0,0.0
0.0,0.0,0.0,0.0,0.2,0.0,0.0,0.0,0.0,0.0,0.0,0.0,0.0,0.0,0.0,0.0,0.1,0.0,0.0,0.0,0.0,0.0,0.0,0.0,0.0,0.0,0.0,0.0,0.0,0.0,0.0,0.0,0.0,0.0,0.0,0.01724,0.11905,0.1,0.1,0.0,0.0,0.0,0.0,0.0,0.0,0.0,0.0,1.0,0.0,0.0,0.0,0.0,1.0,0.0,0.0,0.0,0.0,0.0,0.0,0.0,0.0,0.0,0.0,0.0,0.2,0.0,1.0,0.0042,0.0,1.0,0.0,0.0,0.0,0.0,0.0,0.0,0.0,0.0
0.0,0.0,0.0,0.0,0.2,0.0,0.0,0.0,0.0,0.0,0.0,0.0,0.0,0.0,0.0,0.0,0.33333,0.0,0.0,0.0,0.0,0.0,0.0,0.0,0.0,0.0,0.0,0.0,0.0,0.0,0.0,0.0,0.0,0.0,0.0,0.01724,0.11905,0.33333,0.33333,0.0,0.0,0.0,0.0,0.0,0.0,0.0,0.0,1.0,0.0,0.0,0.0,0.0,1.0,0.0,0.0,0.0,0.0,0.0,0.0,0.0,0.0,0.0,0.0,0.0,0.2,0.0,1.0,0.0042,0.0,1.0,0.0,0.0,0.0,0.0,0.0,0.0,0.0,0.0
0.0,0.0,0.01449,0.0,0.0,0.0,0.0,0.0,0.0,0.0,0.0,0.0,0.0,0.0,0.0,0.0,0.20501,0.01972,0.0,0.01468,0.02236,0.01449,0.01614,0.0,0.01458,0.01848,0.0,0.0,0.0,0.0,0.0,0.0,0.0,0.0,0.0,0.0,0.0,0.35283,0.0,0.0,0.0,0.0,0.0,0.0,0.0,0.0,0.0,0.0,1.0,0.0,0.0,0.0,0.0,0.0,0.0,0.0,0.0,0.0,0.0,0.0,0.0,0.0,0.0,0.0,0.0,0.0,0.0,0.0,0.0,0.0,0.0,0.0,0.0,0.0,0.0,0.0,0.0,0.0
0.0,0.0,0.02323,0.0,0.0,0.0,0.0,0.0,0.0,0.0,0.0,0.0,0.0,0.0,0.0,0.0,0.14649,0.02841,0.0,0.02341,0.03103,0.02323,0.02486,0.0,0.02331,0.02719,0.0,0.0,0.0,0.0,0.0,0.0,0.0,0.0,0.0,0.0,0.0,0.25212,0.0,0.0,0.0,0.0,0.0,0.0,0.0,0.0,0.0,0.0,1.0,0.0,0.0,0.0,0.0,0.0,0.0,0.0,0.0,0.0,0.0,0.0,0.0,0.0,0.0,0.0,0.0,0.0,0.0,0.0,0.0,0.0,0.0,0.0,0.0,0.0,0.0,0.0,0.0,0.0
0.85207,0.35294,0.0,0.01724,0.0,0.0,0.0,0.0,0.0,0.0,0.0,0.0,0.0,0.0,0.0,0.0,0.01626,0.0,0.0,0.0,0.0,0.0,0.0,0.0,0.0,0.0,0.0,0.0,0.0,0.0,0.0,0.0,0.0,0.0,0.0,0.0813,0.0,0.03252,0.0,0.0,0.0,0.0,0.0,0.0,0.0,0.0,0.0,0.0,1.0,0.0,0.0,0.0,0.0,0.0,0.0,0.0,0.0,0.0,0.0,0.0,0.0,0.0,0.01724,0.0,0.0,0.0,0.9749,0.0,0.0,0.5,0.0,0.0,0.0,0.0,0.0,0.0,0.0,0.0
0.0,0.0,0.39818,0.0,0.0,0.0,0.0,0.0,0.0,0.0,0.0,0.0,0.0,0.0,0.0,0.0,0.00696,0.40138,0.0,0.3983,0.40299,0.39818,0.39919,0.0,0.39824,0.40062,0.0,0.0,0.0,0.0,0.0,0.0,0.0,0.0,0.0,0.0,0.0,0.01197,0.0,0.0,0.0,0.0,0.0,0.0,0.0,0.0,0.0,0.0,1.0,0.0,0.0,0.0,0.0,0.0,0.0,0.0,0.0,0.0,0.0,0.0,0.0,0.0,0.0,0.0,0.0,0.0,0.0,0.0,0.0,0.0,0.0,0.0,0.0,0.0,0.0,0.0,0.0,0.0
0.0,0.0,0.85279,0.15789,0.45455,0.25234,0.08312,0.92188,0.0,1.0,1.0,0.26097,0.0,0.18286,0.22715,0.14353,0.0,0.78542,0.87002,0.98904,0.5,0.01882,0.02227,0.00941,0.01145,0.23651,1.0,0.75741,0.86324,0.99999,0.30585,0.0,0.0,0.0,0.0,0.18367,0.48276,0.0,0.53301,0.0,0.26097,0.3672,0.29659,0.08797,0.0,0.0,1.0,1.0,0.0,0.0,0.0,1.0,1.0,0.39168,1.0,0.18286,0.0,0.0,0.0,0.0,0.0,0.0,0.15789,0.25234,0.45455,0.08312,1.0,0.7557,0.22222,0.0,0.0,0.0,0.0,0.0,0.0,0.0,0.0,0.0
0.00707,0.35294,0.00939,0.06897,0.12245,0.10046,0.00255,0.07259,0.0,0.19067,0.10191,0.08973,0.0,0.0208,0.07479,7e-05,1e-05,0.0013,0.00724,0.0032,0.0,0.00941,0.00326,0.00872,0.00511,0.0,0.00941,0.01931,0.00657,0.0066,0.00262,0.0,0.0,0.0,0.0,0.22764,0.13306,1e-05,1e-05,0.0,0.08973,0.04119,0.0739,0.00546,0.0,0.0,0.0,1.0,0.0,0.0,0.0,0.0,0.25,0.04432,0.19067,0.0208,0.0,0.0,0.0,0.0,0.0,0.0,0.06897,0.10046,0.12245,0.00255,0.12502,2e-05,0.1875,0.5,0.0,0.0,0.0,0.0,0.0,0.0,0.0,0.0
1.0,0.0,0.98975,1.0,0.6,1.0,0.0,0.33528,0.0,0.5737,0.28711,0.0,0.0,0.0,0.0,1e-05,0.0,0.11342,0.18992,0.53168,0.0,0.98975,0.0765,0.44884,0.53168,0.0,0.98575,0.5312,0.96551,0.75241,0.31,0.0,0.0,0.0,0.0,1.0,0.59524,0.0,0.0,0.0,0.23663,0.52736,0.30673,0.09408,0.0,0.0,0.0,1.0,0.0,0.0,0.0,0.0,0.0,0.51027,0.5737,0.0,0.0,0.0,0.0,0.0,0.0,0.0,1.0,1.0,0.6,0.0,1.0,0.0042,1.0,0.6,0.9975,0.95974,0.98977,0.97342,0.23702,0.999,0.53168,0.06646
0.0,0.0,0.01387,1.0,1.0,0.84658,1.0,0.84658,0.0,0.84658,0.84658,1.0,0.0,1.0,1.0,0.74105,0.75001,0.00091,0.02398,0.00343,5e-05,0.00879,0.00202,0.01907,0.00333,0.00153,0.0328,0.0328,0.03728,0.03874,0.57692,0.0,0.0,0.0,0.0,1.0,1.0,0.54858,0.75118,0.0,1.0,0.95692,0.9874,0.97496,0.0,0.0,1.0,1.0,0.0,0.0,0.0,1.0,1.0,0.95692,0.84658,1.0,0.0,0.0,0.0,0.0,0.0,0.0,1.0,0.84658,1.0,1.0,1.0,1.0,1.0,0.0,0.0,0.0,0.0,0.0,0.0,0.0,0.0,0.0
0.0,0.0,0.06255,0.0,0.0,0.0,0.0,0.0,0.0,0.0,0.0,0.0,0.0,0.0,0.0,0.0,0.06232,0.06753,0.0,0.06273,0.07004,0.06255,0.06412,0.0,0.06263,0.06635,0.0,0.0,0.0,0.0,0.0,0.0,0.0,0.0,0.0,0.0,0.0,0.10726,0.0,0.0,0.0,0.0,0.0,0.0,0.0,0.0,0.0,0.0,1.0,0.0,0.0,0.0,0.0,0.0,0.0,0.0,0.0,0.0,0.0,0.0,0.0,0.0,0.0,0.0,0.0,0.0,0.0,0.0,0.0,0.0,0.0,0.0,0.0,0.0,0.0,0.0,0.0,0.0
0.05386,0.35294,0.0376,0.15517,0.16327,0.40323,0.04125,0.4771,0.0,0.38267,0.40793,0.80342,0.0,0.25266,0.7389,0.00014,0.0,0.00307,0.03489,0.0271,0.0,0.03769,0.0058,0.03378,0.0271,0.0,0.03639,0.05333,0.0361,0.04142,0.02025,0.0,0.0,0.0,0.0,0.45528,0.17339,0.0,0.0,0.0,0.80342,0.22259,0.54647,0.29863,0.0,0.0,0.0,1.0,0.0,0.0,0.0,0.0,0.0,0.23178,0.38267,0.25266,0.0,0.0,0.0,0.0,0.0,0.0,0.15517,0.40323,0.16327,0.04125,0.12502,0.98341,0.3125,0.5,0.0,0.0,0.0,0.0,0.0,0.0,0.0,0.0
0.00252,0.35294,0.50029,0.75124,0.95413,0.9763,0.371,0.55308,0.0,0.51526,0.59927,0.36575,0.0,0.3814,0.68929,0.18221,2e-05,0.00391,0.027,0.01971,0.0,0.50027,0.00658,0.03151,0.01971,1e-05,0.92046,0.32641,0.19268,0.23353,0.00116,0.0,0.0,0.0,0.0,0.75442,0.95438,1e-05,0.12369,0.0,0.36575,0.61697,0.43306,0.18754,0.0,0.0,1.0,1.0,0.0,0.0,0.0,1.0,0.0,0.61739,0.51526,0.3814,0.0,0.0,0.0,0.0,0.0,0.0,0.75124,0.9763,0.95413,0.371,1.0,0.95642,1.0,1.0,0.0,0.0,0.0,0.0,0.0,0.0,0.0,0.0
0.0,0.0,0.04906,0.0,0.0,0.0,0.0,0.0,0.0,0.0,0.0,0.0,0.0,0.0,0.0,0.0,0.07815,0.0541,0.0,0.04924,0.05665,0.04906,0.05065,0.0,0.04914,0.05291,0.0,0.0,0.0,0.0,0.0,0.0,0.0,0.0,0.0,0.0,0.0,0.1345,0.0,0.0,0.0,0.0,0.0,0.0,0.0,0.0,0.0,0.0,1.0,0.0,0.0,0.0,0.0,0.0,0.0,0.0,0.0,0.0,0.0,0.0,0.0,0.0,0.0,0.0,0.0,0.0,0.0,0.0,0.0,0.0,0.0,0.0,0.0,0.0,0.0,0.0,0.0,0.0
0.0,0.0,0.00036,0.0,0.0,0.0,0.0,0.0,0.0,0.0,0.0,0.0,0.0,0.0,0.0,0.0,0.55594,0.00567,0.0,0.00055,0.00834,0.00036,0.00203,0.0,0.00045,0.00441,0.0,0.0,0.0,0.0,0.0,0.0,0.0,0.0,0.0,0.0,0.0,0.9568,0.0,0.0,0.0,0.0,0.0,0.0,0.0,0.0,0.0,0.0,1.0,0.0,0.0,0.0,0.0,0.0,0.0,0.0,0.0,0.0,0.0,0.0,0.0,0.0,0.0,0.0,0.0,0.0,0.0,0.0,0.0,0.0,0.0,0.0,0.0,0.0,0.0,0.0,0.0,0.0
1.0,0.0,0.00029,0.07143,0.0,0.0,0.0,0.0,0.0,0.0,0.0,0.0,0.0,0.0,0.0,0.0,3e-05,0.00057,0.0,0.00032,0.00057,0.00029,0.00032,0.0,0.00032,0.00032,0.0,0.0,0.0,0.0,0.0,0.0,0.0,0.0,0.0,0.06897,0.0,6e-05,0.0,0.0,0.0,0.0,0.0,0.0,0.0,0.0,0.0,0.0,1.0,0.0,0.0,0.0,0.0,0.0,0.0,0.0,0.0,0.0,0.0,0.0,0.0,0.0,0.07143,0.0,0.0,0.0,0.00837,0.0,0.0,0.6,0.0,0.0,0.0,0.0,0.0,0.0,0.0,0.0
0.0,0.0,0.01317,1.0,1.0,0.71233,1.0,0.71233,0.0,0.71233,0.71233,1.0,0.0,1.0,1.0,0.73553,0.7751,0.00079,0.02505,0.00408,9e-05,0.00884,0.00205,0.02323,0.00398,0.00093,0.03169,0.03169,0.03776,0.03862,0.48077,0.0,0.0,0.0,0.0,1.0,1.0,0.56709,0.77616,0.0,1.0,0.91923,0.97914,0.95871,0.0,0.0,1.0,1.0,0.0,0.0,0.0,1.0,1.0,0.91923,0.71233,1.0,0.0,0.0,0.0,0.0,0.0,0.0,1.0,0.71233,1.0,1.0,1.0,1.0,1.0,0.0,0.0,0.0,0.0,0.0,0.0,0.0,0.0,0.0
0.0,0.0,0.0,0.0,0.2,0.0,0.0,0.0,0.0,0.0,0.0,0.0,0.0,0.0,0.0,0.0,0.5,0.0,0.0,0.0,0.0,0.0,0.0,0.0,0.0,0.0,0.0,0.0,0.0,0.0,0.0,0.0,0.0,0.0,0.0,0.01724,0.11905,0.5,0.5,0.0,0.0,0.0,0.0,0.0,0.0,0.0,0.0,1.0,0.0,0.0,0.0,0.0,1.0,0.0,0.0,0.0,0.0,0.0,0.0,0.0,0.0,0.0,0.0,0.0,0.2,0.0,1.0,0.0042,0.0,1.0,0.0,0.0,0.0,0.0,0.0,0.0,0.0,0.0
1.0,0.0,0.00059,0.07143,0.0,0.0,0.0,0.0,0.0,0.0,0.0,0.0,0.0,0.0,0.0,0.0,2e-05,0.00114,0.0,0.00064,0.00114,0.00059,0.00064,0.0,0.00064,0.00064,0.0,0.0,0.0,0.0,0.0,0.0,0.0,0.0,0.0,0.06897,0.0,3e-05,0.0,0.0,0.0,0.0,0.0,0.0,0.0,0.0,0.0,0.0,1.0,0.0,0.0,0.0,0.0,0.0,0.0,0.0,0.0,0.0,0.0,0.0,0.0,0.0,0.07143,0.0,0.0,0.0,0.00837,0.0,0.0,0.6,0.0,0.0,0.0,0.0,0.0,0.0,0.0,0.0
1.0,0.0,0.00046,0.07143,0.0,0.0,0.0,0.0,0.0,0.0,0.0,0.0,0.0,0.0,0.0,0.0,2e-05,0.0009,0.0,0.0005,0.0009,0.00046,0.0005,0.0,0.0005,0.0005,0.0,0.0,0.0,0.0,0.0,0.0,0.0,0.0,0.0,0.06897,0.0,4e-05,0.0,0.0,0.0,0.0,0.0,0.0,0.0,0.0,0.0,0.0,1.0,0.0,0.0,0.0,0.0,0.0,0.0,0.0,0.0,0.0,0.0,0.0,0.0,0.0,0.07143,0.0,0.0,0.0,0.00837,0.0,0.0,0.6,0.0,0.0,0.0,0.0,0.0,0.0,0.0,0.0
0.01572,1.0,0.79438,0.0199,0.0,0.05326,0.0,0.42808,1.0,0.71674,0.0,0.0,0.0,0.0,0.0,0.0027,0.0,0.31775,1.0,0.74556,0.07103,0.79438,0.31775,1.0,0.74556,0.07103,0.0,0.0,0.0,0.0,0.0,0.0,0.0,0.0,0.0,0.01179,0.0,0.0,0.0,1.0,0.17123,0.6244,0.0,0.0,0.0,0.0,0.0,0.0,0.0,0.0,0.0,0.0,0.0,0.72613,0.71674,0.0,0.0,0.0,0.0,0.0,0.0,0.0,0.0199,0.05326,0.0,0.0,0.0,0.0,0.0495,0.4,0.99955,0.0,0.99955,0.99955,0.37943,0.99997,0.74556,0.12785
0.82357,0.35294,0.0,0.0,0.02041,0.0,0.0,0.0,0.0,0.0,0.0,0.0,0.0,0.0,0.0,0.0,0.0625,0.0,0.0,0.0,0.0,0.0,0.0,0.0,0.0,0.0,0.0,0.0,0.0,0.0,0.0,0.0,0.0,0.0,0.0,0.04065,0.02016,0.0625,0.0625,0.0,0.0,0.0,0.0,0.0,0.0,0.0,0.0,0.0,1.0,1.0,0.0,0.0,0.25,0.0,0.0,0.0,0.0,0.0,0.0,0.0,0.0,0.0,0.0,0.0,0.02041,0.0,0.00441,0.00397,0.0,0.5,0.0,0.0,0.0,0.0,0.0,0.0,0.0,0.0
1.0,0.0,2e-05,0.07143,0.0,0.0,0.0,0.0,0.0,0.0,0.0,0.0,0.0,0.0,0.0,0.0,0.00047,4e-05,0.0,2e-05,4e-05,2e-05,2e-05,0.0,2e-05,2e-05,0.0,0.0,0.0,0.0,0.0,0.0,0.0,0.0,0.0,0.06897,0.0,0.00093,0.0,0.0,0.0,0.0,0.0,0.0,0.0,0.0,0.0,0.0,1.0,0.0,0.0,0.0,0.0,0.0,0.0,0.0,0.0,0.0,0.0,0.0,0.0,0.0,0.07143,0.0,0.0,0.0,0.00837,0.0,0.0,0.6,0.0,0.0,0.0,0.0,0.0,0.0,0.0,0.0
0.0,0.0,0.00794,0.0,0.0,0.0,0.0,0.0,0.0,0.0,0.0,0.0,0.0,0.0,0.0,0.0,0.29069,0.01321,0.0,0.00813,0.01586,0.00794,0.0096,0.0,0.00803,0.01196,0.0,0.0,0.0,0.0,0.0,0.0,0.0,0.0,0.0,0.0,0.0,0.50029,0.0,0.0,0.0,0.0,0.0,0.0,0.0,0.0,0.0,0.0,1.0,0.0,0.0,0.0,0.0,0.0,0.0,0.0,0.0,0.0,0.0,0.0,0.0,0.0,0.0,0.0,0.0,0.0,0.0,0.0,0.0,0.0,0.0,0.0,0.0,0.0,0.0,0.0,0.0,0.0
0.0,0.0,0.0,0.0,0.2,0.0,0.0,0.0,0.0,0.0,0.0,0.0,0.0,0.0,0.0,0.0,0.5,0.0,0.0,0.0,0.0,0.0,0.0,0.0,0.0,0.0,0.0,0.0,0.0,0.0,0.0,0.0,0.0,0.0,0.0,0.01724,0.11905,0.5,0.5,0.0,0.0,0.0,0.0,0.0,0.0,0.0,0.0,1.0,0.0,0.0,0.0,0.0,1.0,0.0,0.0,0.0,0.0,0.0,0.0,0.0,0.0,0.0,0.0,0.0,0.2,0.0,1.0,0.0042,0.0,1.0,0.0,0.0,0.0,0.0,0.0,0.0,0.0,0.0
0.0,0.0,0.25343,0.0,0.0,0.0,0.0,0.0,0.0,0.0,0.0,0.0,0.0,0.0,0.0,0.0,0.01341,0.25739,0.0,0.25357,0.25939,0.25343,0.25468,0.0,0.2535,0.25646,0.0,0.0,0.0,0.0,0.0,0.0,0.0,0.0,0.0,0.0,0.0,0.02307,0.0,0.0,0.0,0.0,0.0,0.0,0.0,0.0,0.0,0.0,1.0,0.0,0.0,0.0,0.0,0.0,0.0,0.0,0.0,0.0,0.0,0.0,0.0,0.0,0.0,0.0,0.0,0.0,0.0,0.0,0.0,0.0,0.0,0.0,0.0,0.0,0.0,0.0,0.0,0.0
1.0,0.0,0.99448,0.92857,0.6,1.0,0.0,0.33528,0.0,0.61467,0.26709,0.0,0.0,0.0,0.0,1e-05,0.0,0.12109,0.19697,0.53169,0.0,0.99448,0.08278,0.46731,0.53169,0.0,1.0,0.53888,0.99915,0.76779,0.30997,0.0,0.0,0.0,0.0,0.91379,0.59524,0.0,0.0,0.0,0.23663,0.55666,0.30332,0.09201,0.0,0.0,0.0,1.0,0.0,0.0,0.0,0.0,0.0,0.54028,0.61467,0.0,0.0,0.0,0.0,0.0,0.0,0.0,0.92857,1.0,0.6,0.0,1.0,0.0042,1.0,0.6,0.89361,0.71874,0.85784,0.91909,0.2415,0.9954,0.53169,0.06646
0.00084,1.0,1e-05,0.0,0.02041,0.02388,0.00225,0.04792,0.22667,0.22667,0.0,0.10274,0.76923,0.11009,0.0,0.05621,0.00314,1e-05,0.0,1e-05,1e-05,0.0,0.0,0.0,0.0,0.0,0.0,0.0,0.0,0.0,0.0,0.0,0.0,0.0,0.0,0.01626,0.00806,0.00314,0.00314,0.22667,0.10274,0.10333,0.06846,0.00469,0.0,0.0,0.0,0.0,0.0,0.0,0.0,0.0,0.25,0.1529,0.22667,0.11009,0.0,0.0,0.0,0.0,0.0,0.0,0.0,0.02388,0.02041,0.00225,0.0,0.0,0.0,0.2,0.0,0.0,0.0,0.0,0.0,0.0,0.0,0.0
1.0,0.0,0.0,0.07143,0.0,0.0,0.0,0.0,0.0,0.0,0.0,0.0,0.0,0.0,0.0,0.0,0.00231,1e-05,0.0,0.0,1e-05,0.0,0.0,0.0,0.0,0.0,0.0,0.0,0.0,0.0,0.0,0.0,0.0,0.0,0.0,0.06897,0.0,0.00463,0.0,0.0,0.0,0.0,0.0,0.0,0.0,0.0,0.0,0.0,1.0,0.0,0.0,0.0,0.0,0.0,0.0,0.0,0.0,0.0,0.0,0.0,0.0,0.0,0.07143,0.0,0.0,0.0,0.00837,0.0,0.0,0.6,0.0,0.0,0.0,0.0,0.0,0.0,0.0,0.0
1.0,0.0,9e-05,0.07143,0.0,0.0,0.0,0.0,0.0,0.0,0.0,0.0,0.0,0.0,0.0,0.0,0.00011,0.00017,0.0,9e-05,0.00017,9e-05,9e-05,0.0,9e-05,9e-05,0.0,0.0,0.0,0.0,0.0,0.0,0.0,0.0,0.0,0.06897,0.0,0.00021,0.0,0.0,0.0,0.0,0.0,0.0,0.0,0.0,0.0,0.0,1.0,0.0,0.0,0.0,0.0,0.0,0.0,0.0,0.0,0.0,0.0,0.0,0.0,0.0,0.07143,0.0,0.0,0.0,0.00837,0.0,0.0,0.6,0.0,0.0,0.0,0.0,0.0,0.0,0.0,0.0
0.0,0.0,0.96586,0.39655,0.0,0.0,0.0,0.0,0.0,0.0,0.0,0.0,0.0,0.0,0.0,0.0,0.0,0.0583,0.00035,0.05839,0.05821,0.96639,0.0583,0.00025,0.05839,0.05821,0.0,0.0,0.0,0.0,0.0,0.0,0.0,0.0,0.0,0.0,0.0,0.0,0.0,0.0,0.0,0.0,0.0,0.0,0.0,0.0,0.0,0.0,0.0,0.0,0.0,0.0,0.0,0.0,0.0,0.0,0.0,0.0,0.0,0.0,0.0,0.0,0.39655,0.0,0.0,0.0,0.0,0.0,0.0,0.0,0.06394,0.0,0.06394,0.06394,0.05831,0.00063,0.05839,0.05821
0.0,0.0,0.41595,0.0,0.0,0.0,0.0,0.0,0.0,0.0,0.0,0.0,0.0,0.0,0.0,0.0,0.00647,0.41905,0.0,0.41606,0.42061,0.41595,0.41692,0.0,0.416,0.41832,0.0,0.0,0.0,0.0,0.0,0.0,0.0,0.0,0.0,0.0,0.0,0.01113,0.0,0.0,0.0,0.0,0.0,0.0,0.0,0.0,0.0,0.0,1.0,0.0,0.0,0.0,0.0,0.0,0.0,0.0,0.0,0.0,0.0,0.0,0.0,0.0,0.0,0.0,0.0,0.0,0.0,0.0,0.0,0.0,0.0,0.0,0.0,0.0,0.0,0.0,0.0,0.0
0.10334,0.35294,0.0,0.0,0.02041,0.0,0.0,0.0,0.0,0.0,0.0,0.0,0.0,0.0,0.0,0.0,0.00743,0.0,0.0,0.0,0.0,0.0,0.0,0.0,0.0,0.0,0.0,0.0,0.0,0.0,0.0,0.0,0.0,0.0,0.0,0.04878,0.02016,0.00743,0.00743,0.0,0.0,0.0,0.0,0.0,0.0,0.0,0.0,1.0,0.0,0.0,0.0,0.0,0.25,0.0,0.0,0.0,0.0,0.0,0.0,0.0,0.0,0.0,0.0,0.0,0.02041,0.0,0.01564,2e-05,0.0,0.6,0.0,0.0,0.0,0.0,0.0,0.0,0.0,0.0
0.0,0.0,0.02151,0.0,0.0,0.0,0.0,0.0,0.0,0.0,0.0,0.0,0.0,0.0,0.0,0.0,0.1553,0.0267,0.0,0.02169,0.02932,0.02151,0.02314,0.0,0.02159,0.02547,0.0,0.0,0.0,0.0,0.0,0.0,0.0,0.0,0.0,0.0,0.0,0.26728,0.0,0.0,0.0,0.0,0.0,0.0,0.0,0.0,0.0,0.0,1.0,0.0,0.0,0.0,0.0,0.0,0.0,0.0,0.0,0.0,0.0,0.0,0.0,0.0,0.0,0.0,0.0,0.0,0.0,0.0,0.0,0.0,0.0,0.0,0.0,0.0,0.0,0.0,0.0,0.0
0.00252,0.35294,0.50189,0.75124,0.95413,0.9763,0.37105,0.55308,0.0,0.51526,0.59927,0.36575,0.0,0.38146,0.68949,0.18165,2e-05,0.00392,0.02707,0.01975,0.0,0.50187,0.0066,0.03159,0.01975,0.0,0.9234,0.32745,0.19286,0.23432,0.0016,0.0,0.0,0.0,0.0,0.75442,0.95438,1e-05,0.1233,0.0,0.36575,0.61703,0.43314,0.18761,0.0,0.0,1.0,1.0,0.0,0.0,0.0,1.0,0.0,0.61744,0.51526,0.38146,0.0,0.0,0.0,0.0,0.0,0.0,0.75124,0.9763,0.95413,0.37105,1.0,0.95642,1.0,1.0,0.0,0.0,0.0,0.0,0.0,0.0,0.0,0.0
0.0,0.0,0.45796,0.0,0.0,0.0,0.0,0.0,0.0,0.0,0.0,0.0,0.0,0.0,0.0,0.0,0.00546,0.46084,0.0,0.45806,0.46229,0.45796,0.45887,0.0,0.45801,0.46016,0.0,0.0,0.0,0.0,0.0,0.0,0.0,0.0,0.0,0.0,0.0,0.0094,0.0,0.0,0.0,0.0,0.0,0.0,0.0,0.0,0.0,0.0,1.0,0.0,0.0,0.0,0.0,0.0,0.0,0.0,0.0,0.0,0.0,0.0,0.0,0.0,0.0,0.0,0.0,0.0,0.0,0.0,0.0,0.0,0.0,0.0,0.0,0.0,0.0,0.0,0.0,0.0
0.0,0.0,0.12164,1.0,1.0,0.68493,1.0,0.68493,0.0,0.68493,0.68493,1.0,0.0,1.0,1.0,0.11946,0.12303,0.01877,0.25411,0.10868,7e-05,0.11315,0.05411,0.3699,0.10859,0.00062,0.19442,0.19442,0.2923,0.2761,0.40385,0.0,0.0,0.0,0.0,1.0,1.0,0.08612,0.12713,0.0,1.0,0.91154,0.97777,0.95604,0.0,0.0,1.0,1.0,0.0,0.0,0.0,1.0,1.0,0.91154,0.68493,1.0,0.0,0.0,0.0,0.0,0.0,0.0,1.0,0.68493,1.0,1.0,1.0,1.0,1.0,0.0,0.0,0.0,0.0,0.0,0.0,0.0,0.0,0.0
0.0,0.0,0.00079,0.0,0.0,0.0,0.0,0.0,0.0,0.0,0.0,0.0,0.0,0.0,0.0,0.0,0.52873,0.00609,0.0,0.00098,0.00877,0.00079,0.00246,0.0,0.00088,0.00484,0.0,0.0,0.0,0.0,0.0,0.0,0.0,0.0,0.0,0.0,0.0,0.90996,0.0,0.0,0.0,0.0,0.0,0.0,0.0,0.0,0.0,0.0,1.0,0.0,0.0,0.0,0.0,0.0,0.0,0.0,0.0,0.0,0.0,0.0,0.0,0.0,0.0,0.0,0.0,0.0,0.0,0.0,0.0,0.0,0.0,0.0,0.0,0.0,0.0,0.0,0.0,0.0
0.05386,0.35294,0.01717,0.12069,0.14286,0.39621,0.02368,0.46582,0.0,0.47,0.43226,0.80342,0.0,0.16577,0.61082,0.00022,1e-05,0.0017,0.01484,0.0111,0.0,0.01721,0.00341,0.01744,0.01381,0.0,0.01575,0.02692,0.01323,0.01613,0.02824,0.0,0.0,0.0,0.0,0.34959,0.15323,1e-05,1e-05,0.0,0.80342,0.18351,0.45946,0.2111,0.0,0.0,1.0,1.0,0.0,0.0,0.0,1.0,0.0,0.1931,0.47,0.16577,0.0,0.0,0.0,0.0,0.0,0.0,0.12069,0.39621,0.14286,0.02368,0.12502,0.98373,0.3125,0.5,0.0,0.0,0.0,0.0,0.0,0.0,0.0,0.0
1.0,0.0,0.92412,0.07143,0.2,0.17866,0.0,0.65889,0.0,0.76871,0.87163,0.0,0.0,0.0,0.0,0.0,0.0,0.90014,1.0,1.0,0.0,0.92412,1.0,0.0,1.0,1.0,0.0,0.0,0.0,0.0,0.0,0.0,0.0,0.0,0.0,0.06897,0.11905,0.0,0.0,0.0,0.46502,0.44752,0.59416,0.35302,0.0,0.0,0.0,0.0,1.0,0.0,0.0,0.0,0.0,0.54697,0.76871,0.0,0.0,0.0,0.0,0.0,0.0,0.0,0.07143,0.17866,0.2,0.0,0.00822,0.0042,0.09091,0.6,0.0,0.0,0.0,0.0,1.0,0.0,1.0,1.0
1.0,0.0,3e-05,0.07143,0.0,0.0,0.0,0.0,0.0,0.0,0.0,0.0,0.0,0.0,0.0,0.0,0.00027,7e-05,0.0,4e-05,7e-05,3e-05,4e-05,0.0,4e-05,4e-05,0.0,0.0,0.0,0.0,0.0,0.0,0.0,0.0,0.0,0.06897,0.0,0.00054,0.0,0.0,0.0,0.0,0.0,0.0,0.0,0.0,0.0,0.0,1.0,0.0,0.0,0.0,0.0,0.0,0.0,0.0,0.0,0.0,0.0,0.0,0.0,0.0,0.07143,0.0,0.0,0.0,0.00837,0.0,0.0,0.6,0.0,0.0,0.0,0.0,0.0,0.0,0.0,0.0
0.0,0.0,0.02256,0.0,0.0,0.0,0.0,0.0,0.0,0.0,0.0,0.0,0.0,0.0,0.0,0.0,0.14981,0.02774,0.0,0.02274,0.03036,0.02256,0.02419,0.0,0.02264,0.02652,0.0,0.0,0.0,0.0,0.0,0.0,0.0,0.0,0.0,0.0,0.0,0.25783,0.0,0.0,0.0,0.0,0.0,0.0,0.0,0.0,0.0,0.0,1.0,0.0,0.0,0.0,0.0,0.0,0.0,0.0,0.0,0.0,0.0,0.0,0.0,0.0,0.0,0.0,0.0,0.0,0.0,0.0,0.0,0.0,0.0,0.0,0.0,0.0,0.0,0.0,0.0,0.0
0.00252,0.35294,1e-05,0.0,0.0,0.0,0.0,0.0,0.0,0.0,0.0,0.0,0.0,0.0,0.0,0.0,0.0087,2e-05,0.0,2e-05,2e-05,1e-05,2e-05,0.0,2e-05,2e-05,0.0,0.0,0.0,0.0,0.0,0.0,0.0,0.0,0.0,0.00982,0.0,0.0087,0.0,0.0,0.0,0.0,0.0,0.0,0.0,0.0,0.0,0.0,1.0,0.0,0.0,0.0,0.0,0.0,0.0,0.0,0.0,0.0,0.0,0.0,0.0,0.0,0.0,0.0,0.0,0.0,0.24997,0.0,0.0,1.0,0.0,0.0,0.0,0.0,0.0,0.0,0.0,0.0
0.0,0.0,0.29402,1.0,1.0,0.67945,1.0,0.67945,0.0,0.67945,0.67945,1.0,0.0,1.0,1.0,0.05121,0.05015,0.04735,0.60366,0.268,2e-05,0.27339,0.1341,0.89342,0.26792,0.00151,0.45299,0.45299,0.67746,0.64097,0.51923,0.0,0.0,0.0,0.0,1.0,1.0,0.03237,0.05459,0.0,1.0,0.91,0.97751,0.95553,0.0,0.0,1.0,1.0,0.0,0.0,0.0,1.0,1.0,0.91,0.67945,1.0,0.0,0.0,0.0,0.0,0.0,0.0,1.0,0.67945,1.0,1.0,1.0,1.0,1.0,0.0,0.0,0.0,0.0,0.0,0.0,0.0,0.0,0.0
0.0,0.0,0.01532,1.0,1.0,0.79726,1.0,0.79726,0.0,0.79726,0.79726,1.0,0.0,1.0,1.0,0.68515,0.70333,0.00115,0.02917,0.00608,5e-05,0.0107,0.00298,0.03029,0.00598,0.00079,0.03497,0.03497,0.04208,0.04286,0.44231,0.0,0.0,0.0,0.0,1.0,1.0,0.51415,0.70471,0.0,1.0,0.94308,0.98406,0.96838,0.0,0.0,1.0,1.0,0.0,0.0,0.0,1.0,1.0,0.94308,0.79726,1.0,0.0,0.0,0.0,0.0,0.0,0.0,1.0,0.79726,1.0,1.0,1.0,1.0,1.0,0.0,0.0,0.0,0.0,0.0,0.0,0.0,0.0,0.0
1.0,0.0,0.0,0.07143,0.0,0.0,0.0,0.0,0.0,0.0,0.0,0.0,0.0,0.0,0.0,0.0,0.00228,1e-05,0.0,0.0,1e-05,0.0,0.0,0.0,0.0,0.0,0.0,0.0,0.0,0.0,0.0,0.0,0.0,0.0,0.0,0.06897,0.0,0.00457,0.0,0.0,0.0,0.0,0.0,0.0,0.0,0.0,0.0,0.0,1.0,0.0,0.0,0.0,0.0,0.0,0.0,0.0,0.0,0.0,0.0,0.0,0.0,0.0,0.07143,0.0,0.0,0.0,0.00837,0.0,0.0,0.6,0.0,0.0,0.0,0.0,0.0,0.0,0.0,0.0
1.0,0.0,1e-05,0.07143,0.0,0.0,0.0,0.0,0.0,0.0,0.0,0.0,0.0,0.0,0.0,0.0,0.00068,3e-05,0.0,1e-05,3e-05,1e-05,1e-05,0.0,1e-05,1e-05,0.0,0.0,0.0,0.0,0.0,0.0,0.0,0.0,0.0,0.06897,0.0,0.00137,0.0,0.0,0.0,0.0,0.0,0.0,0.0,0.0,0.0,0.0,1.0,0.0,0.0,0.0,0.0,0.0,0.0,0.0,0.0,0.0,0.0,0.0,0.0,0.0,0.07143,0.0,0.0,0.0,0.00837,0.0,0.0,0.6,0.0,0.0,0.0,0.0,0.0,0.0,0.0,0.0
0.0,0.0,0.0,0.0,0.2,0.0,0.0,0.0,0.0,0.0,0.0,0.0,0.0,0.0,0.0,0.0,0.5,0.0,0.0,0.0,0.0,0.0,0.0,0.0,0.0,0.0,0.0,0.0,0.0,0.0,0.0,0.0,0.0,0.0,0.0,0.01724,0.11905,0.5,0.5,0.0,0.0,0.0,0.0,0.0,0.0,0.0,0.0,1.0,0.0,0.0,0.0,0.0,1.0,0.0,0.0,0.0,0.0,0.0,0.0,0.0,0.0,0.0,0.0,0.0,0.2,0.0,1.0,0.0042,0.0,1.0,0.0,0.0,0.0,0.0,0.0,0.0,0.0,0.0
1.0,0.0,0.5677,0.28571,1.0,0.14664,0.96193,0.54082,0.0,0.25238,0.45248,0.96193,0.0,0.57716,0.74511,1e-05,0.0,0.12288,0.28948,0.61309,0.0,0.56749,0.15377,0.94753,0.61309,0.00013,0.57063,0.154,0.94753,0.61501,0.0,0.0,0.0,0.0,0.0,0.2931,1.0,0.0,0.0,0.0,0.96193,0.47021,0.76955,0.5922,0.0,0.0,0.0,0.0,1.0,1.0,0.0,0.0,1.0,0.47413,0.25238,0.57716,0.0,0.0,0.0,0.0,0.0,0.0,0.28571,0.14664,1.0,0.96193,0.00837,0.92437,0.09091,0.6,0.00445,0.0,0.00354,0.00577,0.61309,0.0,0.61309,0.61309
1.0,0.0,0.0,0.07143,0.0,0.0,0.0,0.0,0.0,0.0,0.0,0.0,0.0,0.0,0.0,0.0,0.00495,0.0,0.0,0.0,0.0,0.0,0.0,0.0,0.0,0.0,0.0,0.0,0.0,0.0,0.0,0.0,0.0,0.0,0.0,0.06897,0.0,0.0099,0.0,0.0,0.0,0.0,0.0,0.0,0.0,0.0,0.0,0.0,1.0,0.0,0.0,0.0,0.0,0.0,0.0,0.0,0.0,0.0,0.0,0.0,0.0,0.0,0.07143,0.0,0.0,0.0,0.00837,0.0,0.0,0.6,0.0,0.0,0.0,0.0,0.0,0.0,0.0,0.0
0.0,0.0,0.0,0.0,0.2,0.0,0.0,0.0,0.0,0.0,0.0,0.0,0.0,0.0,0.0,0.0,0.5,0.0,0.0,0.0,0.0,0.0,0.0,0.0,0.0,0.0,0.0,0.0,0.0,0.0,0.0,0.0,0.0,0.0,0.0,0.01724,0.11905,0.5,0.5,0.0,0.0,0.0,0.0,0.0,0.0,0.0,0.0,1.0,0.0,0.0,0.0,0.0,1.0,0.0,0.0,0.0,0.0,0.0,0.0,0.0,0.0,0.0,0.0,0.0,0.2,0.0,1.0,0.0042,0.0,1.0,0.0,0.0,0.0,0.0,0.0,0.0,0.0,0.0
0.0,0.0,0.13632,1.0,1.0,0.73151,1.0,0.73151,0.0,0.73151,0.73151,1.0,0.0,1.0,1.0,0.10886,0.11004,0.02121,0.29165,0.12529,3e-05,0.13114,0.06309,0.42023,0.1252,0.00199,0.21649,0.21649,0.34133,0.31735,0.53846,0.0,0.0,0.0,0.0,1.0,1.0,0.07655,0.1142,0.0,1.0,0.92462,0.98016,0.96071,0.0,0.0,1.0,1.0,0.0,0.0,0.0,1.0,1.0,0.92462,0.73151,1.0,0.0,0.0,0.0,0.0,0.0,0.0,1.0,0.73151,1.0,1.0,1.0,1.0,1.0,0.0,0.0,0.0,0.0,0.0,0.0,0.0,0.0,0.0
0.00252,0.35294,0.50269,0.75622,0.95413,0.9763,0.3711,0.55308,0.0,0.51191,0.60072,0.3661,0.0,0.38151,0.68965,0.18137,2e-05,0.00391,0.027,0.02015,0.0,0.50268,0.00657,0.03148,0.02015,1e-05,0.92487,0.32798,0.19232,0.2381,0.00109,0.0,0.0,0.0,0.0,0.75933,0.95438,1e-05,0.1231,0.0,0.3661,0.61469,0.43399,0.18835,0.0,0.0,1.0,1.0,0.0,0.0,0.0,1.0,0.0,0.61509,0.51191,0.38151,0.0,0.0,0.0,0.0,0.0,0.0,0.75622,0.9763,0.95413,0.3711,1.0,0.95642,1.0,1.0,0.0,0.0,0.0,0.0,0.0,0.0,0.0,0.0
0.0,0.0,0.03879,0.0,0.0,0.0,0.0,0.0,0.0,0.0,0.0,0.0,0.0,0.0,0.0,0.0,0.0963,0.04389,0.0,0.03897,0.04646,0.03879,0.04039,0.0,0.03887,0.04268,0.0,0.0,0.0,0.0,0.0,0.0,0.0,0.0,0.0,0.0,0.0,0.16574,0.0,0.0,0.0,0.0,0.0,0.0,0.0,0.0,0.0,0.0,1.0,0.0,0.0,0.0,0.0,0.0,0.0,0.0,0.0,0.0,0.0,0.0,0.0,0.0,0.0,0.0,0.0,0.0,0.0,0.0,0.0,0.0,0.0,0.0,0.0,0.0,0.0,0.0,0.0,0.0
0.0,0.0,0.26131,0.0,0.0,0.0,0.0,0.0,0.0,0.0,0.0,0.0,0.0,0.0,0.0,0.0,0.01288,0.26523,0.0,0.26145,0.26721,0.26131,0.26254,0.0,0.26137,0.2643,0.0,0.0,0.0,0.0,0.0,0.0,0.0,0.0,0.0,0.0,0.0,0.02216,0.0,0.0,0.0,0.0,0.0,0.0,0.0,0.0,0.0,0.0,1.0,0.0,0.0,0.0,0.0,0.0,0.0,0.0,0.0,0.0,0.0,0.0,0.0,0.0,0.0,0.0,0.0,0.0,0.0,0.0,0.0,0.0,0.0,0.0,0.0,0.0,0.0,0.0,0.0,0.0
0.0,0.0,0.2027,1.0,1.0,0.72877,1.0,0.72877,0.0,0.72877,0.72877,1.0,0.0,1.0,1.0,0.07451,0.07391,0.03221,0.43358,0.18948,2e-05,0.19384,0.0944,0.63733,0.1894,0.0005,0.31605,0.31605,0.4928,0.45985,0.40385,0.0,0.0,0.0,0.0,1.0,1.0,0.0499,0.07824,0.0,1.0,0.92385,0.98001,0.96041,0.0,0.0,1.0,1.0,0.0,0.0,0.0,1.0,1.0,0.92385,0.72877,1.0,0.0,0.0,0.0,0.0,0.0,0.0,1.0,0.72877,1.0,1.0,1.0,1.0,1.0,0.0,0.0,0.0,0.0,0.0,0.0,0.0,0.0,0.0
0.15246,0.35294,0.0,0.0,0.02041,0.0,0.0,0.0,0.0,0.0,0.0,0.0,0.0,0.0,0.0,0.0,0.00889,0.0,0.0,0.0,0.0,0.0,0.0,0.0,0.0,0.0,0.0,0.0,0.0,0.0,0.0,0.0,0.0,0.0,0.0,0.04878,0.02016,0.00889,0.00889,0.0,0.0,0.0,0.0,0.0,0.0,0.0,0.0,1.0,0.0,0.0,0.0,0.0,0.25,0.0,0.0,0.0,0.0,0.0,0.0,0.0,0.0,0.0,0.0,0.0,0.02041,0.0,0.01564,2e-05,0.0,0.6,0.0,0.0,0.0,0.0,0.0,0.0,0.0,0.0
0.0,0.0,0.03067,0.0,0.0,0.0,0.0,0.0,0.0,0.0,0.0,0.0,0.0,0.0,0.0,0.0,0.11745,0.03582,0.0,0.03086,0.03841,0.03067,0.03229,0.0,0.03076,0.0346,0.0,0.0,0.0,0.0,0.0,0.0,0.0,0.0,0.0,0.0,0.0,0.20214,0.0,0.0,0.0,0.0,0.0,0.0,0.0,0.0,0.0,0.0,1.0,0.0,0.0,0.0,0.0,0.0,0.0,0.0,0.0,0.0,0.0,0.0,0.0,0.0,0.0,0.0,0.0,0.0,0.0,0.0,0.0,0.0,0.0,0.0,0.0,0.0,0.0,0.0,0.0,0.0
0.0,0.0,0.26762,1.0,1.0,0.67945,1.0,0.67945,0.0,0.67945,0.67945,1.0,0.0,1.0,1.0,0.05612,0.0554,0.04297,0.58373,0.25662,7e-05,0.26214,0.12848,0.85544,0.25655,0.00163,0.41336,0.41336,0.66736,0.61554,0.55769,0.0,0.0,0.0,0.0,1.0,1.0,0.03624,0.05982,0.0,1.0,0.91,0.97751,0.95553,0.0,0.0,1.0,1.0,0.0,0.0,0.0,1.0,1.0,0.91,0.67945,1.0,0.0,0.0,0.0,0.0,0.0,0.0,1.0,0.67945,1.0,1.0,1.0,1.0,1.0,0.0,0.0,0.0,0.0,0.0,0.0,0.0,0.0,0.0
0.0,0.0,0.11711,1.0,1.0,0.75068,1.0,0.75068,0.0,0.75068,0.75068,1.0,0.0,1.0,1.0,0.1263,0.12765,0.01802,0.2517,0.10713,3e-05,0.11237,0.05373,0.36222,0.10704,0.00139,0.18767,0.18767,0.29477,0.27441,0.51923,0.0,0.0,0.0,0.0,1.0,1.0,0.08953,0.13173,0.0,1.0,0.93,0.98123,0.96281,0.0,0.0,1.0,1.0,0.0,0.0,0.0,1.0,1.0,0.93,0.75068,1.0,0.0,0.0,0.0,0.0,0.0,0.0,1.0,0.75068,1.0,1.0,1.0,1.0,1.0,0.0,0.0,0.0,0.0,0.0,0.0,0.0,0.0,0.0
0.0,0.0,0.02228,0.0,0.0,0.0,0.0,0.0,0.0,0.0,0.0,0.0,0.0,0.0,0.0,0.0,0.15121,0.02747,0.0,0.02247,0.03009,0.02228,0.02391,0.0,0.02237,0.02624,0.0,0.0,0.0,0.0,0.0,0.0,0.0,0.0,0.0,0.0,0.0,0.26024,0.0,0.0,0.0,0.0,0.0,0.0,0.0,0.0,0.0,0.0,1.0,0.0,0.0,0.0,0.0,0.0,0.0,0.0,0.0,0.0,0.0,0.0,0.0,0.0,0.0,0.0,0.0,0.0,0.0,0.0,0.0,0.0,0.0,0.0,0.0,0.0,0.0,0.0,0.0,0.0
1.0,0.0,0.00019,0.07143,0.0,0.0,0.0,0.0,0.0,0.0,0.0,0.0,0.0,0.0,0.0,0.0,5e-05,0.00037,0.0,0.00021,0.00037,0.00019,0.00021,0.0,0.00021,0.00021,0.0,0.0,0.0,0.0,0.0,0.0,0.0,0.0,0.0,0.06897,0.0,0.0001,0.0,0.0,0.0,0.0,0.0,0.0,0.0,0.0,0.0,0.0,1.0,0.0,0.0,0.0,0.0,0.0,0.0,0.0,0.0,0.0,0.0,0.0,0.0,0.0,0.07143,0.0,0.0,0.0,0.00837,0.0,0.0,0.6,0.0,0.0,0.0,0.0,0.0,0.0,0.0,0.0
1.0,0.0,0.00051,0.07143,0.0,0.0,0.0,0.0,0.0,0.0,0.0,0.0,0.0,0.0,0.0,0.0,2e-05,0.001,0.0,0.00056,0.001,0.00051,0.00056,0.0,0.00056,0.00056,0.0,0.0,0.0,0.0,0.0,0.0,0.0,0.0,0.0,0.06897,0.0,4e-05,0.0,0.0,0.0,0.0,0.0,0.0,0.0,0.0,0.0,0.0,1.0,0.0,0.0,0.0,0.0,0.0,0.0,0.0,0.0,0.0,0.0,0.0,0.0,0.0,0.07143,0.0,0.0,0.0,0.00837,0.0,0.0,0.6,0.0,0.0,0.0,0.0,0.0,0.0,0.0,0.0
0.0,0.0,0.11864,0.0,0.0,0.0,0.0,0.0,0.0,0.0,0.0,0.0,0.0,0.0,0.0,0.0,0.03266,0.12332,0.0,0.11881,0.12568,0.11864,0.12011,0.0,0.11872,0.12221,0.0,0.0,0.0,0.0,0.0,0.0,0.0,0.0,0.0,0.0,0.0,0.05621,0.0,0.0,0.0,0.0,0.0,0.0,0.0,0.0,0.0,0.0,1.0,0.0,0.0,0.0,0.0,0.0,0.0,0.0,0.0,0.0,0.0,0.0,0.0,0.0,0.0,0.0,0.0,0.0,0.0,0.0,0.0,0.0,0.0,0.0,0.0,0.0,0.0,0.0,0.0,0.0
0.82454,0.35294,0.0,0.01724,0.0,0.0,0.0,0.0,0.0,0.0,0.0,0.0,0.0,0.0,0.0,,1.0,0.0,0.0,0.0,0.0,0.0,0.0,0.0,0.0,0.0,0.0,0.0,0.0,0.0,0.0,0.0,0.0,0.0,0.0,0.0813,0.0,0.0,0.0,0.0,0.0,0.0,0.0,0.0,0.0,0.0,0.0,0.0,1.0,0.0,0.0,0.0,0.0,0.0,0.0,0.0,0.0,0.0,0.0,0.0,0.0,0.0,0.01724,0.0,0.0,0.0,0.00276,0.0,0.0,0.5,0.0,0.0,0.0,0.0,0.0,0.0,0.0,0.0
0.05386,0.35294,0.0118,0.12069,0.14286,0.40323,0.02368,0.4771,0.0,0.47833,0.44295,0.80342,0.0,0.16577,0.61082,0.00032,1e-05,0.00117,0.01543,0.01146,0.0,0.01182,0.00234,0.01696,0.01257,0.0,0.01129,0.0193,0.01566,0.01666,0.01067,0.0,0.0,0.0,0.0,0.34146,0.14919,1e-05,1e-05,0.0,0.80342,0.18486,0.46192,0.21337,0.0,0.0,0.0,1.0,0.0,0.0,0.0,0.0,0.0,0.19452,0.47833,0.16577,0.0,0.0,0.0,0.0,0.0,0.0,0.12069,0.40323,0.14286,0.02368,0.12502,0.98341,0.3125,0.5,0.0,0.0,0.0,0.0,0.0,0.0,0.0,0.0
0.00252,0.35294,0.0,0.0,0.0,0.0,0.0,0.0,0.0,0.0,0.0,0.0,0.0,0.0,0.0,0.0,0.02571,1e-05,0.0,1e-05,1e-05,0.0,1e-05,0.0,1e-05,1e-05,0.0,0.0,0.0,0.0,0.0,0.0,0.0,0.0,0.0,0.00982,0.0,0.02571,0.0,0.0,0.0,0.0,0.0,0.0,0.0,0.0,0.0,0.0,1.0,0.0,0.0,0.0,0.0,0.0,0.0,0.0,0.0,0.0,0.0,0.0,0.0,0.0,0.0,0.0,0.0,0.0,0.24997,0.0,0.0,1.0,0.0,0.0,0.0,0.0,0.0,0.0,0.0,0.0
0.0,0.0,0.09329,0.0,0.0,0.0,0.0,0.0,0.0,0.0,0.0,0.0,0.0,0.0,0.0,0.0,0.042,0.09811,0.0,0.09347,0.10053,0.09329,0.09481,0.0,0.09337,0.09697,0.0,0.0,0.0,0.0,0.0,0.0,0.0,0.0,0.0,0.0,0.0,0.07228,0.0,0.0,0.0,0.0,0.0,0.0,0.0,0.0,0.0,0.0,1.0,0.0,0.0,0.0,0.0,0.0,0.0,0.0,0.0,0.0,0.0,0.0,0.0,0.0,0.0,0.0,0.0,0.0,0.0,0.0,0.0,0.0,0.0,0.0,0.0,0.0,0.0,0.0,0.0,0.0
0.0,0.0,0.2514,1.0,1.0,0.85479,1.0,0.85479,0.0,0.85479,0.85479,1.0,0.0,1.0,1.0,0.06285,0.05916,0.04028,0.51761,0.22883,0.0,0.23587,0.11537,0.75854,0.22875,0.00316,0.38902,0.38902,0.58966,0.55542,0.36538,0.0,0.0,0.0,0.0,1.0,1.0,0.03902,0.06355,0.0,1.0,0.95923,0.98799,0.97613,0.0,0.0,1.0,1.0,0.0,0.0,0.0,1.0,1.0,0.95923,0.85479,1.0,0.0,0.0,0.0,0.0,0.0,0.0,1.0,0.85479,1.0,1.0,1.0,1.0,1.0,0.0,0.0,0.0,0.0,0.0,0.0,0.0,0.0,0.0
0.02473,0.35294,0.0,0.0,0.02041,0.0,0.0,0.0,0.0,0.0,0.0,0.0,0.0,0.0,0.0,0.0,0.13333,0.0,0.0,0.0,0.0,0.0,0.0,0.0,0.0,0.0,0.0,0.0,0.0,0.0,0.0,0.0,0.0,0.0,0.0,0.04878,0.02016,0.13333,0.13333,0.0,0.0,0.0,0.0,0.0,0.0,0.0,0.0,1.0,0.0,0.0,0.0,0.0,0.25,0.0,0.0,0.0,0.0,0.0,0.0,0.0,0.0,0.0,0.0,0.0,0.02041,0.0,0.01564,2e-05,0.0,0.6,0.0,0.0,0.0,0.0,0.0,0.0,0.0,0.0
0.00252,0.35294,0.5055,0.75124,0.95413,0.9763,0.37112,0.55308,0.0,0.51526,0.59927,0.36575,0.0,0.38153,0.68972,0.18037,2e-05,0.00395,0.02728,0.02073,0.0,0.50549,0.00665,0.03184,0.02073,1e-05,0.93005,0.32981,0.19415,0.24496,0.00102,0.0,0.0,0.0,0.0,0.75442,0.95438,1e-05,0.12242,0.0,0.36575,0.61709,0.43324,0.1877,0.0,0.0,1.0,1.0,0.0,0.0,0.0,1.0,0.0,0.6175,0.51526,0.38153,0.0,0.0,0.0,0.0,0.0,0.0,0.75124,0.9763,0.95413,0.37112,1.0,0.95642,1.0,1.0,0.0,0.0,0.0,0.0,0.0,0.0,0.0,0.0
0.00084,1.0,0.00238,0.01724,0.04082,0.02529,0.00273,0.02537,0.12,0.12,0.0,0.06233,0.46667,0.06679,0.0,0.00015,1e-05,0.0011,0.00807,0.00289,0.0,0.00031,0.00042,0.0,0.00042,0.00042,0.0,0.0,0.0,0.0,0.0,0.0,0.0,0.0,0.0,0.03252,0.01613,1e-05,1e-05,0.12,0.06233,0.06286,0.04356,0.0019,0.0,0.0,0.0,0.0,0.0,0.0,0.0,0.0,0.25,0.07752,0.12,0.06679,0.0,0.0,0.0,0.0,0.0,0.0,0.01724,0.02529,0.04082,0.00273,0.0,0.0,0.0625,0.2,0.0,0.0,0.0,0.0,0.0,0.0,0.0,0.0
0.0,0.0,0.72105,0.0,0.0,0.0,0.0,0.0,0.0,0.0,0.0,0.0,0.0,0.0,0.0,0.0,0.0018,0.72253,0.0,0.7211,0.72327,0.72105,0.72151,0.0,0.72107,0.72218,0.0,0.0,0.0,0.0,0.0,0.0,0.0,0.0,0.0,0.0,0.0,0.00309,0.0,0.0,0.0,0.0,0.0,0.0,0.0,0.0,0.0,0.0,1.0,0.0,0.0,0.0,0.0,0.0,0.0,0.0,0.0,0.0,0.0,0.0,0.0,0.0,0.0,0.0,0.0,0.0,0.0,0.0,0.0,0.0,0.0,0.0,0.0,0.0,0.0,0.0,0.0,0.0
0.0,0.0,0.0,0.0,0.2,0.0,0.0,0.0,0.0,0.0,0.0,0.0,0.0,0.0,0.0,0.0,0.5,0.0,0.0,0.0,0.0,0.0,0.0,0.0,0.0,0.0,0.0,0.0,0.0,0.0,0.0,0.0,0.0,0.0,0.0,0.01724,0.11905,0.5,0.5,0.0,0.0,0.0,0.0,0.0,0.0,0.0,0.0,1.0,0.0,0.0,0.0,0.0,1.0,0.0,0.0,0.0,0.0,0.0,0.0,0.0,0.0,0.0,0.0,0.0,0.2,0.0,1.0,0.0042,0.0,1.0,0.0,0.0,0.0,0.0,0.0,0.0,0.0,0.0
1.0,0.0,1e-05,0.07143,0.0,0.0,0.0,0.0,0.0,0.0,0.0,0.0,0.0,0.0,0.0,0.0,0.00103,2e-05,0.0,1e-05,2e-05,1e-05,1e-05,0.0,1e-05,1e-05,0.0,0.0,0.0,0.0,0.0,0.0,0.0,0.0,0.0,0.06897,0.0,0.00206,0.0,0.0,0.0,0.0,0.0,0.0,0.0,0.0,0.0,0.0,1.0,0.0,0.0,0.0,0.0,0.0,0.0,0.0,0.0,0.0,0.0,0.0,0.0,0.0,0.07143,0.0,0.0,0.0,0.00837,0.0,0.0,0.6,0.0,0.0,0.0,0.0,0.0,0.0,0.0,0.0
0.0,0.0,0.12798,1.0,1.0,0.93151,1.0,0.93151,0.0,0.93151,0.93151,1.0,0.0,1.0,1.0,0.12255,0.11707,0.01982,0.27955,0.11941,7e-05,0.12373,0.05939,0.40589,0.11932,0.00046,0.20393,0.20393,0.32357,0.3002,0.51923,0.0,0.0,0.0,0.0,1.0,1.0,0.08173,0.1212,0.0,1.0,0.98077,0.99397,0.98797,0.0,0.0,1.0,1.0,0.0,0.0,0.0,1.0,1.0,0.98077,0.93151,1.0,0.0,0.0,0.0,0.0,0.0,0.0,1.0,0.93151,1.0,1.0,1.0,1.0,1.0,0.0,0.0,0.0,0.0,0.0,0.0,0.0,0.0,0.0
0.0,0.0,0.01997,0.0,0.0,0.0,0.0,0.0,0.0,0.0,0.0,0.0,0.0,0.0,0.0,0.0,0.16405,0.02517,0.0,0.02016,0.0278,0.01997,0.02161,0.0,0.02006,0.02394,0.0,0.0,0.0,0.0,0.0,0.0,0.0,0.0,0.0,0.0,0.0,0.28233,0.0,0.0,0.0,0.0,0.0,0.0,0.0,0.0,0.0,0.0,1.0,0.0,0.0,0.0,0.0,0.0,0.0,0.0,0.0,0.0,0.0,0.0,0.0,0.0,0.0,0.0,0.0,0.0,0.0,0.0,0.0,0.0,0.0,0.0,0.0,0.0,0.0,0.0,0.0,0.0
1.0,0.0,0.00046,0.14286,0.8,0.13123,0.96193,0.48397,0.0,0.37642,0.52274,0.96193,0.0,0.72145,0.83306,0.00961,7e-05,0.00015,0.00018,0.0003,0.0,0.00018,0.0001,0.00042,0.00019,0.0,0.00046,0.00016,0.00047,0.0003,0.0,0.0,0.0,0.0,0.0,0.15517,0.80952,6e-05,8e-05,0.0,0.96193,0.62723,0.87972,0.7739,0.0,0.0,0.0,1.0,0.0,0.0,0.0,0.0,1.0,0.6571,0.37642,0.72145,0.0,0.0,0.0,0.0,0.0,0.0,0.14286,0.13123,0.8,0.96193,1.0,0.92437,0.09091,0.6,0.0,0.0,0.0,0.0,0.0,0.0,0.0,0.0
1.0,0.0,0.00034,0.14286,0.8,0.14032,0.96193,0.51749,0.0,0.40249,0.55896,0.96193,0.0,0.72145,0.83306,0.01303,9e-05,0.00011,0.0002,0.00035,0.0,0.00033,0.00018,0.00076,0.00035,0.0,0.00034,0.00012,0.00062,0.00035,0.0,0.0,0.0,0.0,0.0,0.15517,0.80952,8e-05,0.00011,0.0,0.96193,0.63861,0.88445,0.78225,0.0,0.0,0.0,1.0,0.0,0.0,0.0,0.0,1.0,0.66902,0.40249,0.72145,0.0,0.0,0.0,0.0,0.0,0.0,0.14286,0.14032,0.8,0.96193,1.0,0.92437,0.09091,0.6,0.0,0.0,0.0,0.0,0.0,0.0,0.0,0.0
1.0,0.0,0.00031,0.07143,0.0,0.0,0.0,0.0,0.0,0.0,0.0,0.0,0.0,0.0,0.0,0.0,3e-05,0.0006,0.0,0.00033,0.0006,0.00031,0.00033,0.0,0.00033,0.00033,0.0,0.0,0.0,0.0,0.0,0.0,0.0,0.0,0.0,0.06897,0.0,6e-05,0.0,0.0,0.0,0.0,0.0,0.0,0.0,0.0,0.0,0.0,1.0,0.0,0.0,0.0,0.0,0.0,0.0,0.0,0.0,0.0,0.0,0.0,0.0,0.0,0.07143,0.0,0.0,0.0,0.00837,0.0,0.0,0.6,0.0,0.0,0.0,0.0,0.0,0.0,0.0,0.0
0.00704,0.35294,0.0,0.03448,0.0,0.02705,0.0,0.03242,0.0,0.08556,0.04555,0.0,0.0,0.0,0.0,0.03085,0.00732,0.0,2e-05,0.0,0.0,0.0,0.0,1e-05,0.0,0.0,0.0,0.0,0.0,0.0,0.0,1.0,0.0,0.0,0.0,0.12195,0.0,0.01463,0.0,0.0,0.03151,0.03333,0.03136,0.00098,0.0,1.0,0.0,0.0,1.0,0.0,0.0,0.0,0.0,0.04384,0.08556,0.0,0.0,0.0,0.0,0.0,0.0,0.0,0.03448,0.02705,0.0,0.0,0.01192,0.0,0.0625,0.5,0.0,0.0,0.0,0.0,0.0,0.0,0.0,0.0
1.0,0.0,0.00048,0.07143,0.0,0.0,0.0,0.0,0.0,0.0,0.0,0.0,0.0,0.0,0.0,0.0,2e-05,0.00093,0.0,0.00052,0.00093,0.00048,0.00052,0.0,0.00052,0.00052,0.0,0.0,0.0,0.0,0.0,0.0,0.0,0.0,0.0,0.06897,0.0,4e-05,0.0,0.0,0.0,0.0,0.0,0.0,0.0,0.0,0.0,0.0,1.0,0.0,0.0,0.0,0.0,0.0,0.0,0.0,0.0,0.0,0.0,0.0,0.0,0.0,0.07143,0.0,0.0,0.0,0.00837,0.0,0.0,0.6,0.0,0.0,0.0,0.0,0.0,0.0,0.0,0.0
0.0,0.0,0.0,0.0,0.2,0.0,0.0,0.0,0.0,0.0,0.0,0.0,0.0,0.0,0.0,0.0,0.16667,0.0,0.0,0.0,0.0,0.0,0.0,0.0,0.0,0.0,0.0,0.0,0.0,0.0,0.0,0.0,0.0,0.0,0.0,0.01724,0.11905,0.16667,0.16667,0.0,0.0,0.0,0.0,0.0,0.0,0.0,0.0,1.0,0.0,0.0,0.0,0.0,1.0,0.0,0.0,0.0,0.0,0.0,0.0,0.0,0.0,0.0,0.0,0.0,0.2,0.0,1.0,0.0042,0.0,1.0,0.0,0.0,0.0,0.0,0.0,0.0,0.0,0.0
0.0,0.0,0.02921,0.0,0.0,0.0,0.0,0.0,0.0,0.0,0.0,0.0,0.0,0.0,0.0,0.0,0.12225,0.03436,0.0,0.02939,0.03696,0.02921,0.03083,0.0,0.02929,0.03314,0.0,0.0,0.0,0.0,0.0,0.0,0.0,0.0,0.0,0.0,0.0,0.2104,0.0,0.0,0.0,0.0,0.0,0.0,0.0,0.0,0.0,0.0,1.0,0.0,0.0,0.0,0.0,0.0,0.0,0.0,0.0,0.0,0.0,0.0,0.0,0.0,0.0,0.0,0.0,0.0,0.0,0.0,0.0,0.0,0.0,0.0,0.0,0.0,0.0,0.0,0.0,0.0
1.0,0.0,2e-05,0.07143,0.0,0.0,0.0,0.0,0.0,0.0,0.0,0.0,0.0,0.0,0.0,0.0,0.00059,3e-05,0.0,2e-05,3e-05,2e-05,2e-05,0.0,2e-05,2e-05,0.0,0.0,0.0,0.0,0.0,0.0,0.0,0.0,0.0,0.06897,0.0,0.00119,0.0,0.0,0.0,0.0,0.0,0.0,0.0,0.0,0.0,0.0,1.0,0.0,0.0,0.0,0.0,0.0,0.0,0.0,0.0,0.0,0.0,0.0,0.0,0.0,0.07143,0.0,0.0,0.0,0.00837,0.0,0.0,0.6,0.0,0.0,0.0,0.0,0.0,0.0,0.0,0.0
0.0,0.0,0.29806,1.0,1.0,0.85753,1.0,0.85753,0.0,0.85753,0.85753,1.0,0.0,1.0,1.0,0.05331,0.04942,0.04802,0.61491,0.27303,3e-05,0.28042,0.13761,0.90344,0.27295,0.0035,0.45903,0.45903,0.69835,0.65699,0.38462,0.0,0.0,0.0,0.0,1.0,1.0,0.03184,0.05387,0.0,1.0,0.96,0.98819,0.97652,0.0,0.0,1.0,1.0,0.0,0.0,0.0,1.0,1.0,0.96,0.85753,1.0,0.0,0.0,0.0,0.0,0.0,0.0,1.0,0.85753,1.0,1.0,1.0,1.0,1.0,0.0,0.0,0.0,0.0,0.0,0.0,0.0,0.0,0.0
1.0,0.0,0.00028,0.07143,0.0,0.0,0.0,0.0,0.0,0.0,0.0,0.0,0.0,0.0,0.0,0.0,3e-05,0.00054,0.0,0.0003,0.00054,0.00028,0.0003,0.0,0.0003,0.0003,0.0,0.0,0.0,0.0,0.0,0.0,0.0,0.0,0.0,0.06897,0.0,7e-05,0.0,0.0,0.0,0.0,0.0,0.0,0.0,0.0,0.0,0.0,1.0,0.0,0.0,0.0,0.0,0.0,0.0,0.0,0.0,0.0,0.0,0.0,0.0,0.0,0.07143,0.0,0.0,0.0,0.00837,0.0,0.0,0.6,0.0,0.0,0.0,0.0,0.0,0.0,0.0,0.0
0.0,0.0,0.25917,0.0,0.0,0.0,0.0,0.0,0.0,0.0,0.0,0.0,0.0,0.0,0.0,0.0,0.01302,0.2631,0.0,0.25931,0.26509,0.25917,0.26041,0.0,0.25924,0.26217,0.0,0.0,0.0,0.0,0.0,0.0,0.0,0.0,0.0,0.0,0.0,0.0224,0.0,0.0,0.0,0.0,0.0,0.0,0.0,0.0,0.0,0.0,1.0,0.0,0.0,0.0,0.0,0.0,0.0,0.0,0.0,0.0,0.0,0.0,0.0,0.0,0.0,0.0,0.0,0.0,0.0,0.0,0.0,0.0,0.0,0.0,0.0,0.0,0.0,0.0,0.0,0.0
0.00252,0.35294,0.0,0.0,0.0,0.0,0.0,0.0,0.0,0.0,0.0,0.0,0.0,0.0,0.0,0.0,0.1875,0.0,0.0,0.0,0.0,0.0,0.0,0.0,0.0,0.0,0.0,0.0,0.0,0.0,0.0,0.0,0.0,0.0,0.0,0.00982,0.0,0.1875,0.0,0.0,0.0,0.0,0.0,0.0,0.0,0.0,0.0,0.0,1.0,0.0,0.0,0.0,0.0,0.0,0.0,0.0,0.0,0.0,0.0,0.0,0.0,0.0,0.0,0.0,0.0,0.0,0.25046,0.0,0.0,1.0,0.0,0.0,0.0,0.0,0.0,0.0,0.0,0.0
0.0,0.0,0.0,0.0,0.2,0.0,0.0,0.0,0.0,0.0,0.0,0.0,0.0,0.0,0.0,0.0,0.5,0.0,0.0,0.0,0.0,0.0,0.0,0.0,0.0,0.0,0.0,0.0,0.0,0.0,0.0,0.0,0.0,0.0,0.0,0.01724,0.11905,0.5,0.5,0.0,0.0,0.0,0.0,0.0,0.0,0.0,0.0,1.0,0.0,0.0,0.0,0.0,1.0,0.0,0.0,0.0,0.0,0.0,0.0,0.0,0.0,0.0,0.0,0.0,0.2,0.0,1.0,0.0042,0.0,1.0,0.0,0.0,0.0,0.0,0.0,0.0,0.0,0.0
0.0,0.0,0.09841,0.0,0.0,0.0,0.0,0.0,0.0,0.0,0.0,0.0,0.0,0.0,0.0,0.0,0.03976,0.1032,0.0,0.09858,0.10561,0.09841,0.09992,0.0,0.09849,0.10206,0.0,0.0,0.0,0.0,0.0,0.0,0.0,0.0,0.0,0.0,0.0,0.06842,0.0,0.0,0.0,0.0,0.0,0.0,0.0,0.0,0.0,0.0,1.0,0.0,0.0,0.0,0.0,0.0,0.0,0.0,0.0,0.0,0.0,0.0,0.0,0.0,0.0,0.0,0.0,0.0,0.0,0.0,0.0,0.0,0.0,0.0,0.0,0.0,0.0,0.0,0.0,0.0
0.0,0.0,0.04977,0.0,0.0,0.0,0.0,0.0,0.0,0.0,0.0,0.0,0.0,0.0,0.0,0.0,0.07714,0.05481,0.0,0.04995,0.05735,0.04977,0.05135,0.0,0.04985,0.05362,0.0,0.0,0.0,0.0,0.0,0.0,0.0,0.0,0.0,0.0,0.0,0.13276,0.0,0.0,0.0,0.0,0.0,0.0,0.0,0.0,0.0,0.0,1.0,0.0,0.0,0.0,0.0,0.0,0.0,0.0,0.0,0.0,0.0,0.0,0.0,0.0,0.0,0.0,0.0,0.0,0.0,0.0,0.0,0.0,0.0,0.0,0.0,0.0,0.0,0.0,0.0,0.0
0.0,0.0,0.02347,0.0,0.0,0.0,0.0,0.0,0.0,0.0,0.0,0.0,0.0,0.0,0.0,0.0,0.14534,0.02865,0.0,0.02366,0.03127,0.02347,0.0251,0.0,0.02355,0.02743,0.0,0.0,0.0,0.0,0.0,0.0,0.0,0.0,0.0,0.0,0.0,0.25013,0.0,0.0,0.0,0.0,0.0,0.0,0.0,0.0,0.0,0.0,1.0,0.0,0.0,0.0,0.0,0.0,0.0,0.0,0.0,0.0,0.0,0.0,0.0,0.0,0.0,0.0,0.0,0.0,0.0,0.0,0.0,0.0,0.0,0.0,0.0,0.0,0.0,0.0,0.0,0.0
0.05386,0.35294,0.01431,0.12069,0.14286,0.40183,0.02368,0.4771,0.0,0.47667,0.44264,0.80342,0.0,0.16577,0.61082,0.00026,1e-05,0.00142,0.01479,0.0111,0.0,0.01434,0.00284,0.01697,0.01303,0.0,0.01344,0.02298,0.01418,0.01613,0.0183,0.0,0.0,0.0,0.0,0.34959,0.15323,1e-05,1e-05,0.0,0.80342,0.18459,0.46187,0.21333,0.0,0.0,1.0,1.0,0.0,0.0,0.0,1.0,0.0,0.19424,0.47667,0.16577,0.0,0.0,0.0,0.0,0.0,0.0,0.12069,0.40183,0.14286,0.02368,0.12502,0.98348,0.3125,0.5,0.0,0.0,0.0,0.0,0.0,0.0,0.0,0.0
0.0,0.0,0.01511,0.0,0.0,0.0,0.0,0.0,0.0,0.0,0.0,0.0,0.0,0.0,0.0,0.0,0.1994,0.02034,0.0,0.0153,0.02298,0.01511,0.01676,0.0,0.0152,0.0191,0.0,0.0,0.0,0.0,0.0,0.0,0.0,0.0,0.0,0.0,0.0,0.34317,0.0,0.0,0.0,0.0,0.0,0.0,0.0,0.0,0.0,0.0,1.0,0.0,0.0,0.0,0.0,0.0,0.0,0.0,0.0,0.0,0.0,0.0,0.0,0.0,0.0,0.0,0.0,0.0,0.0,0.0,0.0,0.0,0.0,0.0,0.0,0.0,0.0,0.0,0.0,0.0
1.0,0.0,3e-05,0.07143,0.0,0.0,0.0,0.0,0.0,0.0,0.0,0.0,0.0,0.0,0.0,0.0,0.00033,5e-05,0.0,3e-05,5e-05,3e-05,3e-05,0.0,3e-05,3e-05,0.0,0.0,0.0,0.0,0.0,0.0,0.0,0.0,0.0,0.06897,0.0,0.00066,0.0,0.0,0.0,0.0,0.0,0.0,0.0,0.0,0.0,0.0,1.0,0.0,0.0,0.0,0.0,0.0,0.0,0.0,0.0,0.0,0.0,0.0,0.0,0.0,0.07143,0.0,0.0,0.0,0.00837,0.0,0.0,0.6,0.0,0.0,0.0,0.0,0.0,0.0,0.0,0.0
1.0,0.0,5e-05,0.07143,0.0,0.0,0.0,0.0,0.0,0.0,0.0,0.0,0.0,0.0,0.0,0.0,0.00018,0.0001,0.0,6e-05,0.0001,5e-05,6e-05,0.0,6e-05,6e-05,0.0,0.0,0.0,0.0,0.0,0.0,0.0,0.0,0.0,0.06897,0.0,0.00035,0.0,0.0,0.0,0.0,0.0,0.0,0.0,0.0,0.0,0.0,1.0,0.0,0.0,0.0,0.0,0.0,0.0,0.0,0.0,0.0,0.0,0.0,0.0,0.0,0.07143,0.0,0.0,0.0,0.00837,0.0,0.0,0.6,0.0,0.0,0.0,0.0,0.0,0.0,0.0,0.0
1.0,0.0,0.00017,0.07143,0.0,0.0,0.0,0.0,0.0,0.0,0.0,0.0,0.0,0.0,0.0,0.0,5e-05,0.00033,0.0,0.00019,0.00033,0.00017,0.00019,0.0,0.00019,0.00019,0.0,0.0,0.0,0.0,0.0,0.0,0.0,0.0,0.0,0.06897,0.0,0.00011,0.0,0.0,0.0,0.0,0.0,0.0,0.0,0.0,0.0,0.0,1.0,0.0,0.0,0.0,0.0,0.0,0.0,0.0,0.0,0.0,0.0,0.0,0.0,0.0,0.07143,0.0,0.0,0.0,0.00837,0.0,0.0,0.6,0.0,0.0,0.0,0.0,0.0,0.0,0.0,0.0
0.0,0.0,0.0,0.0,0.2,0.0,0.0,0.0,0.0,0.0,0.0,0.0,0.0,0.0,0.0,0.0,0.2,0.0,0.0,0.0,0.0,0.0,0.0,0.0,0.0,0.0,0.0,0.0,0.0,0.0,0.0,0.0,0.0,0.0,0.0,0.01724,0.11905,0.2,0.2,0.0,0.0,0.0,0.0,0.0,0.0,0.0,0.0,1.0,0.0,0.0,0.0,0.0,1.0,0.0,0.0,0.0,0.0,0.0,0.0,0.0,0.0,0.0,0.0,0.0,0.2,0.0,1.0,0.0042,0.0,1.0,0.0,0.0,0.0,0.0,0.0,0.0,0.0,0.0
1.0,0.0,0.00019,0.07143,0.0,0.0,0.0,0.0,0.0,0.0,0.0,0.0,0.0,0.0,0.0,0.0,5e-05,0.00037,0.0,0.0002,0.00037,0.00019,0.0002,0.0,0.0002,0.0002,0.0,0.0,0.0,0.0,0.0,0.0,0.0,0.0,0.0,0.06897,0.0,0.0001,0.0,0.0,0.0,0.0,0.0,0.0,0.0,0.0,0.0,0.0,1.0,0.0,0.0,0.0,0.0,0.0,0.0,0.0,0.0,0.0,0.0,0.0,0.0,0.0,0.07143,0.0,0.0,0.0,0.00837,0.0,0.0,0.6,0.0,0.0,0.0,0.0,0.0,0.0,0.0,0.0
1.0,0.0,0.0004,0.07143,0.0,0.0,0.0,0.0,0.0,0.0,0.0,0.0,0.0,0.0,0.0,0.0,2e-05,0.00078,0.0,0.00043,0.00078,0.0004,0.00043,0.0,0.00043,0.00043,0.0,0.0,0.0,0.0,0.0,0.0,0.0,0.0,0.0,0.06897,0.0,5e-05,0.0,0.0,0.0,0.0,0.0,0.0,0.0,0.0,0.0,0.0,1.0,0.0,0.0,0.0,0.0,0.0,0.0,0.0,0.0,0.0,0.0,0.0,0.0,0.0,0.07143,0.0,0.0,0.0,0.00837,0.0,0.0,0.6,0.0,0.0,0.0,0.0,0.0,0.0,0.0,0.0
0.00704,0.35294,1.0,0.34483,0.34694,0.46646,0.09059,0.1649,0.0,0.21079,0.16265,1.0,0.0,0.26111,0.74965,1e-05,0.0,0.03752,0.8012,0.67637,0.0,1.0,0.06942,0.77729,0.67637,0.0,1.0,0.64225,0.83193,0.98308,0.0,0.0,0.0,0.0,0.0,0.90244,0.35484,0.0,0.0,0.0,1.0,0.20499,0.54708,0.2993,0.0,0.0,1.0,1.0,0.0,0.0,0.0,1.0,0.0,0.20754,0.21079,0.26111,0.0,0.0,0.0,0.0,0.0,0.0,0.34483,0.46646,0.34694,0.09059,0.12502,0.00111,0.625,0.5,0.01983,1.0,0.03887,0.0008,0.6752,0.00448,0.67637,0.6752
0.0,0.0,0.06255,0.0,0.0,0.0,0.0,0.0,0.0,0.0,0.0,0.0,0.0,0.0,0.0,0.0,0.06232,0.06753,0.0,0.06273,0.07004,0.06255,0.06412,0.0,0.06263,0.06635,0.0,0.0,0.0,0.0,0.0,0.0,0.0,0.0,0.0,0.0,0.0,0.10726,0.0,0.0,0.0,0.0,0.0,0.0,0.0,0.0,0.0,0.0,1.0,0.0,0.0,0.0,0.0,0.0,0.0,0.0,0.0,0.0,0.0,0.0,0.0,0.0,0.0,0.0,0.0,0.0,0.0,0.0,0.0,0.0,0.0,0.0,0.0,0.0,0.0,0.0,0.0,0.0
0.00252,0.35294,1e-05,0.0,0.0,0.0,0.0,0.0,0.0,0.0,0.0,0.0,0.0,0.0,0.0,0.0,0.0124,1e-05,0.0,1e-05,1e-05,1e-05,1e-05,0.0,1e-05,1e-05,0.0,0.0,0.0,0.0,0.0,0.0,0.0,0.0,0.0,0.00982,0.0,0.0124,0.0,0.0,0.0,0.0,0.0,0.0,0.0,0.0,0.0,0.0,1.0,0.0,0.0,0.0,0.0,0.0,0.0,0.0,0.0,0.0,0.0,0.0,0.0,0.0,0.0,0.0,0.0,0.0,0.25046,0.0,0.0,1.0,0.0,0.0,0.0,0.0,0.0,0.0,0.0,0.0
0.0,0.0,0.01199,0.0,0.0,0.0,0.0,0.0,0.0,0.0,0.0,0.0,0.0,0.0,0.0,0.0,0.23111,0.01724,0.0,0.01218,0.01988,0.01199,0.01364,0.0,0.01208,0.016,0.0,0.0,0.0,0.0,0.0,0.0,0.0,0.0,0.0,0.0,0.0,0.39775,0.0,0.0,0.0,0.0,0.0,0.0,0.0,0.0,0.0,0.0,1.0,0.0,0.0,0.0,0.0,0.0,0.0,0.0,0.0,0.0,0.0,0.0,0.0,0.0,0.0,0.0,0.0,0.0,0.0,0.0,0.0,0.0,0.0,0.0,0.0,0.0,0.0,0.0,0.0,0.0
1.0,0.0,4e-05,0.07143,0.0,0.0,0.0,0.0,0.0,0.0,0.0,0.0,0.0,0.0,0.0,0.0,0.00025,7e-05,0.0,4e-05,7e-05,4e-05,4e-05,0.0,4e-05,4e-05,0.0,0.0,0.0,0.0,0.0,0.0,0.0,0.0,0.0,0.06897,0.0,0.0005,0.0,0.0,0.0,0.0,0.0,0.0,0.0,0.0,0.0,0.0,1.0,0.0,0.0,0.0,0.0,0.0,0.0,0.0,0.0,0.0,0.0,0.0,0.0,0.0,0.07143,0.0,0.0,0.0,0.00837,0.0,0.0,0.6,0.0,0.0,0.0,0.0,0.0,0.0,0.0,0.0
0.00218,1.0,0.0,0.0,0.02041,0.01756,0.00235,0.03524,0.16667,0.16667,0.0,0.10753,0.80513,0.11523,0.0,1.0,0.05882,0.0,0.0,0.0,0.0,0.0,0.0,0.0,0.0,0.0,0.0,0.0,0.0,0.0,0.0,0.0,0.0,0.0,0.0,0.01626,0.00806,0.05882,0.05882,0.16667,0.10753,0.09285,0.08933,0.00798,0.0,0.0,0.0,0.0,0.0,0.0,0.0,0.0,0.25,0.13739,0.16667,0.11523,0.0,0.0,0.0,0.0,0.0,0.0,0.0,0.01756,0.02041,0.00235,0.0,0.0,0.0,0.2,0.0,0.0,0.0,0.0,0.0,0.0,0.0,0.0
1.0,0.0,0.00028,0.07143,0.0,0.0,0.0,0.0,0.0,0.0,0.0,0.0,0.0,0.0,0.0,0.0,3e-05,0.00054,0.0,0.0003,0.00054,0.00028,0.0003,0.0,0.0003,0.0003,0.0,0.0,0.0,0.0,0.0,0.0,0.0,0.0,0.0,0.06897,0.0,7e-05,0.0,0.0,0.0,0.0,0.0,0.0,0.0,0.0,0.0,0.0,1.0,0.0,0.0,0.0,0.0,0.0,0.0,0.0,0.0,0.0,0.0,0.0,0.0,0.0,0.07143,0.0,0.0,0.0,0.00837,0.0,0.0,0.6,0.0,0.0,0.0,0.0,0.0,0.0,0.0,0.0
0.0,0.0,0.00188,0.0,0.0,0.0,0.0,0.0,0.0,0.0,0.0,0.0,0.0,0.0,0.0,0.0,0.47059,0.00717,0.0,0.00207,0.00985,0.00188,0.00354,0.0,0.00196,0.00592,0.0,0.0,0.0,0.0,0.0,0.0,0.0,0.0,0.0,0.0,0.0,0.80989,0.0,0.0,0.0,0.0,0.0,0.0,0.0,0.0,0.0,0.0,1.0,0.0,0.0,0.0,0.0,0.0,0.0,0.0,0.0,0.0,0.0,0.0,0.0,0.0,0.0,0.0,0.0,0.0,0.0,0.0,0.0,0.0,0.0,0.0,0.0,0.0,0.0,0.0,0.0,0.0
1.0,0.0,1e-05,0.07143,0.0,0.0,0.0,0.0,0.0,0.0,0.0,0.0,0.0,0.0,0.0,0.0,0.00073,2e-05,0.0,1e-05,2e-05,1e-05,1e-05,0.0,1e-05,1e-05,0.0,0.0,0.0,0.0,0.0,0.0,0.0,0.0,0.0,0.06897,0.0,0.00146,0.0,0.0,0.0,0.0,0.0,0.0,0.0,0.0,0.0,0.0,1.0,0.0,0.0,0.0,0.0,0.0,0.0,0.0,0.0,0.0,0.0,0.0,0.0,0.0,0.07143,0.0,0.0,0.0,0.00837,0.0,0.0,0.6,0.0,0.0,0.0,0.0,0.0,0.0,0.0,0.0
1.0,0.0,0.21318,0.07143,0.0,0.0,0.0,0.0,0.0,0.0,0.0,0.0,0.0,0.0,0.0,0.0,0.0,0.41531,0.0,0.23069,0.41531,0.21318,0.23069,0.0,0.23069,0.23069,0.0,0.0,0.0,0.0,0.0,0.0,0.0,0.0,0.0,0.06897,0.0,0.0,0.0,0.0,0.0,0.0,0.0,0.0,0.0,0.0,0.0,0.0,1.0,0.0,0.0,0.0,0.0,0.0,0.0,0.0,0.0,0.0,0.0,0.0,0.0,0.0,0.07143,0.0,0.0,0.0,0.00822,0.0,0.0,0.6,0.0,0.0,0.0,0.0,0.23069,0.0,0.23069,0.23069
0.0,0.0,0.0,0.0,0.2,0.0,0.0,0.0,0.0,0.0,0.0,0.0,0.0,0.0,0.0,0.0,0.33333,0.0,0.0,0.0,0.0,0.0,0.0,0.0,0.0,0.0,0.0,0.0,0.0,0.0,0.0,0.0,0.0,0.0,0.0,0.01724,0.11905,0.33333,0.33333,0.0,0.0,0.0,0.0,0.0,0.0,0.0,0.0,1.0,0.0,0.0,0.0,0.0,1.0,0.0,0.0,0.0,0.0,0.0,0.0,0.0,0.0,0.0,0.0,0.0,0.2,0.0,1.0,0.0042,0.0,1.0,0.0,0.0,0.0,0.0,0.0,0.0,0.0,0.0
0.0,0.0,0.00245,0.0,0.0,0.0,0.0,0.0,0.0,0.0,0.0,0.0,0.0,0.0,0.0,0.0,0.44492,0.00774,0.0,0.00264,0.01041,0.00245,0.00411,0.0,0.00253,0.00649,0.0,0.0,0.0,0.0,0.0,0.0,0.0,0.0,0.0,0.0,0.0,0.76572,0.0,0.0,0.0,0.0,0.0,0.0,0.0,0.0,0.0,0.0,1.0,0.0,0.0,0.0,0.0,0.0,0.0,0.0,0.0,0.0,0.0,0.0,0.0,0.0,0.0,0.0,0.0,0.0,0.0,0.0,0.0,0.0,0.0,0.0,0.0,0.0,0.0,0.0,0.0,0.0
0.0,0.0,0.44342,0.0,0.0,0.0,0.0,0.0,0.0,0.0,0.0,0.0,0.0,0.0,0.0,0.0,0.00579,0.44637,0.0,0.44352,0.44786,0.44342,0.44435,0.0,0.44347,0.44567,0.0,0.0,0.0,0.0,0.0,0.0,0.0,0.0,0.0,0.0,0.0,0.00996,0.0,0.0,0.0,0.0,0.0,0.0,0.0,0.0,0.0,0.0,1.0,0.0,0.0,0.0,0.0,0.0,0.0,0.0,0.0,0.0,0.0,0.0,0.0,0.0,0.0,0.0,0.0,0.0,0.0,0.0,0.0,0.0,0.0,0.0,0.0,0.0,0.0,0.0,0.0,0.0
0.0,0.0,0.51364,0.0,0.0,0.0,0.0,0.0,0.0,0.0,0.0,0.0,0.0,0.0,0.0,0.0,0.00438,0.51622,0.0,0.51373,0.51752,0.51364,0.51445,0.0,0.51368,0.51561,0.0,0.0,0.0,0.0,0.0,0.0,0.0,0.0,0.0,0.0,0.0,0.00753,0.0,0.0,0.0,0.0,0.0,0.0,0.0,0.0,0.0,0.0,1.0,0.0,0.0,0.0,0.0,0.0,0.0,0.0,0.0,0.0,0.0,0.0,0.0,0.0,0.0,0.0,0.0,0.0,0.0,0.0,0.0,0.0,0.0,0.0,0.0,0.0,0.0,0.0,0.0,0.0
0.00252,0.35294,0.0,0.0,0.0,0.0,0.0,0.0,0.0,0.0,0.0,0.0,0.0,0.0,0.0,0.0,0.07895,0.0,0.0,0.0,0.0,0.0,0.0,0.0,0.0,0.0,0.0,0.0,0.0,0.0,0.0,0.0,0.0,0.0,0.0,0.00982,0.0,0.07895,0.0,0.0,0.0,0.0,0.0,0.0,0.0,0.0,0.0,0.0,1.0,0.0,0.0,0.0,0.0,0.0,0.0,0.0,0.0,0.0,0.0,0.0,0.0,0.0,0.0,0.0,0.0,0.0,0.24997,0.0,0.0,1.0,0.0,0.0,0.0,0.0,0.0,0.0,0.0,0.0
0.0,0.0,0.24697,0.0,0.0,0.0,0.0,0.0,0.0,0.0,0.0,0.0,0.0,0.0,0.0,0.0,0.01386,0.25097,0.0,0.24711,0.25298,0.24697,0.24823,0.0,0.24704,0.25002,0.0,0.0,0.0,0.0,0.0,0.0,0.0,0.0,0.0,0.0,0.0,0.02386,0.0,0.0,0.0,0.0,0.0,0.0,0.0,0.0,0.0,0.0,1.0,0.0,0.0,0.0,0.0,0.0,0.0,0.0,0.0,0.0,0.0,0.0,0.0,0.0,0.0,0.0,0.0,0.0,0.0,0.0,0.0,0.0,0.0,0.0,0.0,0.0,0.0,0.0,0.0,0.0
0.0,0.0,0.02819,0.0,0.0,0.0,0.0,0.0,0.0,0.0,0.0,0.0,0.0,0.0,0.0,0.0,0.12581,0.03335,0.0,0.02838,0.03595,0.02819,0.02981,0.0,0.02828,0.03213,0.0,0.0,0.0,0.0,0.0,0.0,0.0,0.0,0.0,0.0,0.0,0.21652,0.0,0.0,0.0,0.0,0.0,0.0,0.0,0.0,0.0,0.0,1.0,0.0,0.0,0.0,0.0,0.0,0.0,0.0,0.0,0.0,0.0,0.0,0.0,0.0,0.0,0.0,0.0,0.0,0.0,0.0,0.0,0.0,0.0,0.0,0.0,0.0,0.0,0.0,0.0,0.0
0.0,0.0,0.01313,1.0,1.0,0.72877,1.0,0.72877,0.0,0.72877,0.72877,1.0,0.0,1.0,1.0,0.74043,0.77637,0.00078,0.02232,0.0025,0.00012,0.00819,0.00172,0.01492,0.0024,0.00185,0.03158,0.03158,0.03562,0.03713,0.59615,0.0,0.0,0.0,0.0,1.0,1.0,0.56802,0.77742,0.0,1.0,0.92385,0.98001,0.96041,0.0,0.0,1.0,1.0,0.0,0.0,0.0,1.0,1.0,0.92385,0.72877,1.0,0.0,0.0,0.0,0.0,0.0,0.0,1.0,0.72877,1.0,1.0,1.0,1.0,1.0,0.0,0.0,0.0,0.0,0.0,0.0,0.0,0.0,0.0
0.0,0.0,0.04318,0.0,0.0,0.0,0.0,0.0,0.0,0.0,0.0,0.0,0.0,0.0,0.0,0.0,0.08764,0.04826,0.0,0.04337,0.05082,0.04318,0.04478,0.0,0.04327,0.04706,0.0,0.0,0.0,0.0,0.0,0.0,0.0,0.0,0.0,0.0,0.0,0.15084,0.0,0.0,0.0,0.0,0.0,0.0,0.0,0.0,0.0,0.0,1.0,0.0,0.0,0.0,0.0,0.0,0.0,0.0,0.0,0.0,0.0,0.0,0.0,0.0,0.0,0.0,0.0,0.0,0.0,0.0,0.0,0.0,0.0,0.0,0.0,0.0,0.0,0.0,0.0,0.0
1.0,0.0,0.14719,0.07143,0.0,0.0,0.0,0.0,0.0,0.0,0.0,0.0,0.0,0.0,0.0,0.0,0.0,0.28675,0.0,0.15928,0.28675,0.1472,0.15928,0.0,0.15928,0.15928,0.0,0.0,0.0,0.0,0.0,0.0,0.0,0.0,0.0,0.06897,0.0,0.0,0.0,0.0,0.0,0.0,0.0,0.0,0.0,0.0,0.0,0.0,1.0,0.0,0.0,0.0,0.0,0.0,0.0,0.0,0.0,0.0,0.0,0.0,0.0,0.0,0.07143,0.0,0.0,0.0,0.00841,0.0,0.0,0.6,0.0,0.0,0.0,0.0,0.15928,0.0,0.15928,0.15928
0.0,0.0,0.06216,0.0,0.0,0.0,0.0,0.0,0.0,0.0,0.0,0.0,0.0,0.0,0.0,0.0,0.0627,0.06713,0.0,0.06233,0.06964,0.06216,0.06372,0.0,0.06224,0.06596,0.0,0.0,0.0,0.0,0.0,0.0,0.0,0.0,0.0,0.0,0.0,0.10791,0.0,0.0,0.0,0.0,0.0,0.0,0.0,0.0,0.0,0.0,1.0,0.0,0.0,0.0,0.0,0.0,0.0,0.0,0.0,0.0,0.0,0.0,0.0,0.0,0.0,0.0,0.0,0.0,0.0,0.0,0.0,0.0,0.0,0.0,0.0,0.0,0.0,0.0,0.0,0.0
1.0,0.0,0.00019,0.07143,0.0,0.0,0.0,0.0,0.0,0.0,0.0,0.0,0.0,0.0,0.0,0.0,5e-05,0.00036,0.0,0.0002,0.00036,0.00019,0.0002,0.0,0.0002,0.0002,0.0,0.0,0.0,0.0,0.0,0.0,0.0,0.0,0.0,0.06897,0.0,0.0001,0.0,0.0,0.0,0.0,0.0,0.0,0.0,0.0,0.0,0.0,1.0,0.0,0.0,0.0,0.0,0.0,0.0,0.0,0.0,0.0,0.0,0.0,0.0,0.0,0.07143,0.0,0.0,0.0,0.00837,0.0,0.0,0.6,0.0,0.0,0.0,0.0,0.0,0.0,0.0,0.0
1.0,0.0,0.03565,0.21429,1.0,0.12569,0.96193,0.46356,0.0,0.27041,0.43362,0.96193,0.0,0.57716,0.74511,0.00012,0.0,0.00868,0.01883,0.03777,0.0,0.03528,0.01273,0.06704,0.03777,3e-05,0.03584,0.00966,0.05796,0.03783,0.0,0.0,0.0,0.0,0.0,0.22414,1.0,0.0,0.0,0.0,0.96193,0.49624,0.79276,0.62847,0.0,0.0,0.0,0.0,1.0,1.0,0.0,0.0,1.0,0.50543,0.27041,0.57716,0.0,0.0,0.0,0.0,0.0,0.0,0.21429,0.12569,1.0,0.96193,0.00837,0.92437,0.09091,0.6,0.0,0.0,0.0,0.0,0.0,0.0,0.0,0.0
0.0,0.0,0.0,0.0,0.2,0.0,0.0,0.0,0.0,0.0,0.0,0.0,0.0,0.0,0.0,0.0,0.33333,0.0,0.0,0.0,0.0,0.0,0.0,0.0,0.0,0.0,0.0,0.0,0.0,0.0,0.0,0.0,0.0,0.0,0.0,0.01724,0.11905,0.33333,0.33333,0.0,0.0,0.0,0.0,0.0,0.0,0.0,0.0,1.0,0.0,0.0,0.0,0.0,1.0,0.0,0.0,0.0,0.0,0.0,0.0,0.0,0.0,0.0,0.0,0.0,0.2,0.0,1.0,0.0042,0.0,1.0,0.0,0.0,0.0,0.0,0.0,0.0,0.0,0.0
0.0,0.0,0.04486,0.0,0.0,0.0,0.0,0.0,0.0,0.0,0.0,0.0,0.0,0.0,0.0,0.0,0.08473,0.04992,0.0,0.04504,0.05248,0.04486,0.04645,0.0,0.04494,0.04872,0.0,0.0,0.0,0.0,0.0,0.0,0.0,0.0,0.0,0.0,0.0,0.14582,0.0,0.0,0.0,0.0,0.0,0.0,0.0,0.0,0.0,0.0,1.0,0.0,0.0,0.0,0.0,0.0,0.0,0.0,0.0,0.0,0.0,0.0,0.0,0.0,0.0,0.0,0.0,0.0,0.0,0.0,0.0,0.0,0.0,0.0,0.0,0.0,0.0,0.0,0.0,0.0
0.0,0.0,0.02111,0.0,0.0,0.0,0.0,0.0,0.0,0.0,0.0,0.0,0.0,0.0,0.0,0.0,0.15747,0.0263,0.0,0.02129,0.02892,0.02111,0.02274,0.0,0.02119,0.02507,0.0,0.0,0.0,0.0,0.0,0.0,0.0,0.0,0.0,0.0,0.0,0.27102,0.0,0.0,0.0,0.0,0.0,0.0,0.0,0.0,0.0,0.0,1.0,0.0,0.0,0.0,0.0,0.0,0.0,0.0,0.0,0.0,0.0,0.0,0.0,0.0,0.0,0.0,0.0,0.0,0.0,0.0,0.0,0.0,0.0,0.0,0.0,0.0,0.0,0.0,0.0,0.0
1.0,0.0,0.00042,0.07143,0.0,0.0,0.0,0.0,0.0,0.0,0.0,0.0,0.0,0.0,0.0,0.0,2e-05,0.00082,0.0,0.00046,0.00082,0.00042,0.00046,0.0,0.00046,0.00046,0.0,0.0,0.0,0.0,0.0,0.0,0.0,0.0,0.0,0.06897,0.0,4e-05,0.0,0.0,0.0,0.0,0.0,0.0,0.0,0.0,0.0,0.0,1.0,0.0,0.0,0.0,0.0,0.0,0.0,0.0,0.0,0.0,0.0,0.0,0.0,0.0,0.07143,0.0,0.0,0.0,0.00837,0.0,0.0,0.6,0.0,0.0,0.0,0.0,0.0,0.0,0.0,0.0
0.0,0.0,0.0,0.0,0.2,0.0,0.0,0.0,0.0,0.0,0.0,0.0,0.0,0.0,0.0,0.0,0.11111,0.0,0.0,0.0,0.0,0.0,0.0,0.0,0.0,0.0,0.0,0.0,0.0,0.0,0.0,0.0,0.0,0.0,0.0,0.01724,0.11905,0.11111,0.11111,0.0,0.0,0.0,0.0,0.0,0.0,0.0,0.0,1.0,0.0,0.0,0.0,0.0,1.0,0.0,0.0,0.0,0.0,0.0,0.0,0.0,0.0,0.0,0.0,0.0,0.2,0.0,1.0,0.0042,0.0,1.0,0.0,0.0,0.0,0.0,0.0,0.0,0.0,0.0
0.0,0.0,0.0,0.0,0.2,0.0,0.0,0.0,0.0,0.0,0.0,0.0,0.0,0.0,0.0,0.0,0.33333,0.0,0.0,0.0,0.0,0.0,0.0,0.0,0.0,0.0,0.0,0.0,0.0,0.0,0.0,0.0,0.0,0.0,0.0,0.01724,0.11905,0.33333,0.33333,0.0,0.0,0.0,0.0,0.0,0.0,0.0,0.0,1.0,0.0,0.0,0.0,0.0,1.0,0.0,0.0,0.0,0.0,0.0,0.0,0.0,0.0,0.0,0.0,0.0,0.2,0.0,1.0,0.0042,0.0,1.0,0.0,0.0,0.0,0.0,0.0,0.0,0.0,0.0
0.0,0.0,0.37956,0.0,0.0,0.0,0.0,0.0,0.0,0.0,0.0,0.0,0.0,0.0,0.0,0.0,0.00752,0.38285,0.0,0.37967,0.38451,0.37956,0.38059,0.0,0.37961,0.38207,0.0,0.0,0.0,0.0,0.0,0.0,0.0,0.0,0.0,0.0,0.0,0.01294,0.0,0.0,0.0,0.0,0.0,0.0,0.0,0.0,0.0,0.0,1.0,0.0,0.0,0.0,0.0,0.0,0.0,0.0,0.0,0.0,0.0,0.0,0.0,0.0,0.0,0.0,0.0,0.0,0.0,0.0,0.0,0.0,0.0,0.0,0.0,0.0,0.0,0.0,0.0,0.0
0.0,0.0,0.20429,1.0,1.0,0.86575,1.0,0.86575,0.0,0.86575,0.86575,1.0,0.0,1.0,1.0,0.07704,0.07332,0.03247,0.4224,0.18535,3e-05,0.18997,0.09246,0.62281,0.18526,0.00076,0.31843,0.31843,0.47691,0.45106,0.71154,0.0,0.0,0.0,0.0,1.0,1.0,0.04946,0.07765,0.0,1.0,0.96231,0.98879,0.97771,0.0,0.0,1.0,1.0,0.0,0.0,0.0,1.0,1.0,0.96231,0.86575,1.0,0.0,0.0,0.0,0.0,0.0,0.0,1.0,0.86575,1.0,1.0,1.0,1.0,1.0,0.0,0.0,0.0,0.0,0.0,0.0,0.0,0.0,0.0
0.00084,1.0,0.00025,0.01724,0.04082,0.0288,0.00171,0.02889,0.13667,0.13667,0.0,0.03904,0.29231,0.04184,0.0,0.00107,0.00013,0.00012,0.001,0.00034,0.0,0.00025,0.00034,0.0,0.00034,0.00034,0.00025,0.00255,0.0,0.0005,0.00492,0.0,0.0,0.0,0.0,0.03252,0.01613,0.00013,0.00013,0.13667,0.03904,0.05137,0.01267,0.00016,0.0,0.0,0.0,0.0,0.0,0.0,0.0,0.0,0.25,0.06335,0.13667,0.04184,0.0,0.0,0.0,0.0,0.0,0.0,0.01724,0.0288,0.04082,0.00171,0.0,0.0,0.0625,0.2,0.0,0.0,0.0,0.0,0.0,0.0,0.0,0.0
0.00704,0.35294,0.00112,0.13793,0.14286,0.18686,0.06228,0.13672,0.0,0.19704,0.16214,1.0,0.0,0.43597,0.96729,0.00575,0.00012,0.0001,0.00097,0.00065,0.0,0.00113,0.00019,0.00086,0.00065,0.0,0.00046,0.00079,0.00056,0.00049,0.0,0.0,0.0,0.0,0.0,0.39024,0.15323,0.00013,0.0001,0.0,1.0,0.29902,0.72722,0.52885,0.0,0.0,1.0,1.0,0.0,0.0,0.0,1.0,0.0,0.31341,0.19704,0.43597,0.0,0.0,0.0,0.0,0.0,0.0,0.13793,0.18686,0.14286,0.06228,0.12502,0.00188,0.25,0.5,0.0,0.0,0.0,0.0,0.0,0.0,0.0,0.0
0.00704,0.35294,0.96936,0.34483,0.38776,0.281,0.00974,0.33122,0.0,0.12698,0.21716,0.32123,0.0,0.02511,0.15387,0.0,0.0,0.03451,0.27375,0.11641,0.0,0.97479,0.06729,0.21522,0.11641,0.0,0.92437,0.52813,0.21057,0.1692,0.0,0.0,0.0,0.0,0.0,0.87805,0.39113,0.0,0.0,0.0,0.32192,0.03833,0.15556,0.0242,0.0,0.0,1.0,1.0,0.0,0.0,0.0,1.0,0.0,0.03876,0.12698,0.02511,0.0,0.0,0.0,0.0,0.0,0.0,0.34483,0.281,0.38776,0.00974,0.12502,0.08041,0.9375,0.5,0.00035,0.02691,0.00266,0.00014,0.11183,0.15124,0.11641,0.06197
0.0,0.0,0.26395,0.0,0.0,0.0,0.0,0.0,0.0,0.0,0.0,0.0,0.0,0.0,0.0,0.0,0.01271,0.26785,0.0,0.26408,0.26982,0.26395,0.26517,0.0,0.26401,0.26693,0.0,0.0,0.0,0.0,0.0,0.0,0.0,0.0,0.0,0.0,0.0,0.02187,0.0,0.0,0.0,0.0,0.0,0.0,0.0,0.0,0.0,0.0,1.0,0.0,0.0,0.0,0.0,0.0,0.0,0.0,0.0,0.0,0.0,0.0,0.0,0.0,0.0,0.0,0.0,0.0,0.0,0.0,0.0,0.0,0.0,0.0,0.0,0.0,0.0,0.0,0.0,0.0
0.0,0.0,0.01141,0.0,0.0,0.0,0.0,0.0,0.0,0.0,0.0,0.0,0.0,0.0,0.0,0.0,0.2382,0.01665,0.0,0.0116,0.0193,0.01141,0.01306,0.0,0.01149,0.01541,0.0,0.0,0.0,0.0,0.0,0.0,0.0,0.0,0.0,0.0,0.0,0.40995,0.0,0.0,0.0,0.0,0.0,0.0,0.0,0.0,0.0,0.0,1.0,0.0,0.0,0.0,0.0,0.0,0.0,0.0,0.0,0.0,0.0,0.0,0.0,0.0,0.0,0.0,0.0,0.0,0.0,0.0,0.0,0.0,0.0,0.0,0.0,0.0,0.0,0.0,0.0,0.0
0.00252,0.35294,0.0,0.0,0.0,0.0,0.0,0.0,0.0,0.0,0.0,0.0,0.0,0.0,0.0,0.0,0.08571,0.0,0.0,0.0,0.0,0.0,0.0,0.0,0.0,0.0,0.0,0.0,0.0,0.0,0.0,0.0,0.0,0.0,0.0,0.00982,0.0,0.08571,0.0,0.0,0.0,0.0,0.0,0.0,0.0,0.0,0.0,0.0,1.0,0.0,0.0,0.0,0.0,0.0,0.0,0.0,0.0,0.0,0.0,0.0,0.0,0.0,0.0,0.0,0.0,0.0,0.24997,0.0,0.0,1.0,0.0,0.0,0.0,0.0,0.0,0.0,0.0,0.0
1.0,0.0,0.00026,0.07143,0.0,0.0,0.0,0.0,0.0,0.0,0.0,0.0,0.0,0.0,0.0,0.0,4e-05,0.00051,0.0,0.00029,0.00051,0.00026,0.00029,0.0,0.00029,0.00029,0.0,0.0,0.0,0.0,0.0,0.0,0.0,0.0,0.0,0.06897,0.0,7e-05,0.0,0.0,0.0,0.0,0.0,0.0,0.0,0.0,0.0,0.0,1.0,0.0,0.0,0.0,0.0,0.0,0.0,0.0,0.0,0.0,0.0,0.0,0.0,0.0,0.07143,0.0,0.0,0.0,0.00837,0.0,0.0,0.6,0.0,0.0,0.0,0.0,0.0,0.0,0.0,0.0
0.0,0.0,0.0,0.0,0.2,0.0,0.0,0.0,0.0,0.0,0.0,0.0,0.0,0.0,0.0,0.0,0.33333,0.0,0.0,0.0,0.0,0.0,0.0,0.0,0.0,0.0,0.0,0.0,0.0,0.0,0.0,0.0,0.0,0.0,0.0,0.01724,0.11905,0.33333,0.33333,0.0,0.0,0.0,0.0,0.0,0.0,0.0,0.0,1.0,0.0,0.0,0.0,0.0,1.0,0.0,0.0,0.0,0.0,0.0,0.0,0.0,0.0,0.0,0.0,0.0,0.2,0.0,1.0,0.0042,0.0,1.0,0.0,0.0,0.0,0.0,0.0,0.0,0.0,0.0
0.0,0.0,0.0,0.0,0.2,0.0,0.0,0.0,0.0,0.0,0.0,0.0,0.0,0.0,0.0,0.0,0.33333,0.0,0.0,0.0,0.0,0.0,0.0,0.0,0.0,0.0,0.0,0.0,0.0,0.0,0.0,0.0,0.0,0.0,0.0,0.01724,0.11905,0.33333,0.33333,0.0,0.0,0.0,0.0,0.0,0.0,0.0,0.0,1.0,0.0,0.0,0.0,0.0,1.0,0.0,0.0,0.0,0.0,0.0,0.0,0.0,0.0,0.0,0.0,0.0,0.2,0.0,1.0,0.0042,0.0,1.0,0.0,0.0,0.0,0.0,0.0,0.0,0.0,0.0
1.0,0.0,0.00025,0.07143,0.0,0.0,0.0,0.0,0.0,0.0,0.0,0.0,0.0,0.0,0.0,0.0,4e-05,0.00048,0.0,0.00027,0.00048,0.00025,0.00027,0.0,0.00027,0.00027,0.0,0.0,0.0,0.0,0.0,0.0,0.0,0.0,0.0,0.06897,0.0,7e-05,0.0,0.0,0.0,0.0,0.0,0.0,0.0,0.0,0.0,0.0,1.0,0.0,0.0,0.0,0.0,0.0,0.0,0.0,0.0,0.0,0.0,0.0,0.0,0.0,0.07143,0.0,0.0,0.0,0.00837,0.0,0.0,0.6,0.0,0.0,0.0,0.0,0.0,0.0,0.0,0.0
0.0,0.0,0.04413,0.0,0.0,0.0,0.0,0.0,0.0,0.0,0.0,0.0,0.0,0.0,0.0,0.0,0.08597,0.0492,0.0,0.04431,0.05176,0.04413,0.04573,0.0,0.04421,0.048,0.0,0.0,0.0,0.0,0.0,0.0,0.0,0.0,0.0,0.0,0.0,0.14795,0.0,0.0,0.0,0.0,0.0,0.0,0.0,0.0,0.0,0.0,1.0,0.0,0.0,0.0,0.0,0.0,0.0,0.0,0.0,0.0,0.0,0.0,0.0,0.0,0.0,0.0,0.0,0.0,0.0,0.0,0.0,0.0,0.0,0.0,0.0,0.0,0.0,0.0,0.0,0.0
0.0,0.0,0.00576,0.0,0.0,0.0,0.0,0.0,0.0,0.0,0.0,0.0,0.0,0.0,0.0,0.0,0.33741,0.01103,0.0,0.00594,0.01369,0.00576,0.00741,0.0,0.00584,0.00978,0.0,0.0,0.0,0.0,0.0,0.0,0.0,0.0,0.0,0.0,0.0,0.5807,0.0,0.0,0.0,0.0,0.0,0.0,0.0,0.0,0.0,0.0,1.0,0.0,0.0,0.0,0.0,0.0,0.0,0.0,0.0,0.0,0.0,0.0,0.0,0.0,0.0,0.0,0.0,0.0,0.0,0.0,0.0,0.0,0.0,0.0,0.0,0.0,0.0,0.0,0.0,0.0
1.0,0.0,8e-05,0.07143,0.0,0.0,0.0,0.0,0.0,0.0,0.0,0.0,0.0,0.0,0.0,0.0,0.00011,0.00016,0.0,9e-05,0.00016,8e-05,9e-05,0.0,9e-05,9e-05,0.0,0.0,0.0,0.0,0.0,0.0,0.0,0.0,0.0,0.06897,0.0,0.00022,0.0,0.0,0.0,0.0,0.0,0.0,0.0,0.0,0.0,0.0,1.0,0.0,0.0,0.0,0.0,0.0,0.0,0.0,0.0,0.0,0.0,0.0,0.0,0.0,0.07143,0.0,0.0,0.0,0.00837,0.0,0.0,0.6,0.0,0.0,0.0,0.0,0.0,0.0,0.0,0.0
0.0,0.0,0.00722,0.0,0.0,0.0,0.0,0.0,0.0,0.0,0.0,0.0,0.0,0.0,0.0,0.0,0.30467,0.01249,0.0,0.00741,0.01515,0.00722,0.00888,0.0,0.00731,0.01124,0.0,0.0,0.0,0.0,0.0,0.0,0.0,0.0,0.0,0.0,0.0,0.52434,0.0,0.0,0.0,0.0,0.0,0.0,0.0,0.0,0.0,0.0,1.0,0.0,0.0,0.0,0.0,0.0,0.0,0.0,0.0,0.0,0.0,0.0,0.0,0.0,0.0,0.0,0.0,0.0,0.0,0.0,0.0,0.0,0.0,0.0,0.0,0.0,0.0,0.0,0.0,0.0
0.00704,0.35294,0.0429,0.12069,0.12245,0.12434,0.05545,0.13883,0.0,0.1475,0.14674,1.0,0.0,0.45285,0.96744,0.00013,0.0,0.00458,0.08335,0.05819,0.0,0.043,0.00851,0.08218,0.05819,0.0,0.00041,0.00083,0.00054,0.00044,0.0,0.0,0.0,0.0,0.0,0.34959,0.13306,0.0,0.0,0.0,1.0,0.29307,0.72953,0.53221,0.0,0.0,1.0,1.0,0.0,0.0,0.0,1.0,0.0,0.30976,0.1475,0.45285,0.0,0.0,0.0,0.0,0.0,0.0,0.12069,0.12434,0.12245,0.05545,0.12502,0.01482,0.1875,0.5,0.0,0.0,0.0,0.0,0.0,0.0,0.0,0.0
0.0,0.0,0.16391,0.0,0.0,0.0,0.0,0.0,0.0,0.0,0.0,0.0,0.0,0.0,0.0,0.0,0.02283,0.16835,0.0,0.16407,0.17059,0.16391,0.16531,0.0,0.16398,0.1673,0.0,0.0,0.0,0.0,0.0,0.0,0.0,0.0,0.0,0.0,0.0,0.03929,0.0,0.0,0.0,0.0,0.0,0.0,0.0,0.0,0.0,0.0,1.0,0.0,0.0,0.0,0.0,0.0,0.0,0.0,0.0,0.0,0.0,0.0,0.0,0.0,0.0,0.0,0.0,0.0,0.0,0.0,0.0,0.0,0.0,0.0,0.0,0.0,0.0,0.0,0.0,0.0
0.00707,0.35294,0.00033,0.03448,0.02041,0.0,0.0,0.0,0.0,0.0,0.0,0.0,0.0,0.0,0.0,0.0,0.0001,0.00015,0.00138,0.00046,0.0,0.00034,0.00023,0.00123,0.00046,0.0,0.0,0.0,0.0,0.0,0.0,0.0,0.0,0.0,0.0,0.14634,0.03226,0.00015,5e-05,0.0,0.0,0.0,0.0,0.0,0.0,0.0,0.0,1.0,0.0,0.0,0.0,0.0,0.0,0.0,0.0,0.0,0.0,0.0,0.0,0.0,0.0,0.0,0.03448,0.0,0.02041,0.0,0.12502,0.12819,0.0,0.5,0.0,0.0,0.0,0.0,0.0,0.0,0.0,0.0
0.0,0.0,0.02442,0.0,0.0,0.0,0.0,0.0,0.0,0.0,0.0,0.0,0.0,0.0,0.0,0.0,0.14096,0.02959,0.0,0.0246,0.03221,0.02442,0.02605,0.0,0.0245,0.02837,0.0,0.0,0.0,0.0,0.0,0.0,0.0,0.0,0.0,0.0,0.0,0.2426,0.0,0.0,0.0,0.0,0.0,0.0,0.0,0.0,0.0,0.0,1.0,0.0,0.0,0.0,0.0,0.0,0.0,0.0,0.0,0.0,0.0,0.0,0.0,0.0,0.0,0.0,0.0,0.0,0.0,0.0,0.0,0.0,0.0,0.0,0.0,0.0,0.0,0.0,0.0,0.0
1.0,0.0,4e-05,0.07143,0.0,0.0,0.0,0.0,0.0,0.0,0.0,0.0,0.0,0.0,0.0,0.0,0.00026,7e-05,0.0,4e-05,7e-05,4e-05,4e-05,0.0,4e-05,4e-05,0.0,0.0,0.0,0.0,0.0,0.0,0.0,0.0,0.0,0.06897,0.0,0.00052,0.0,0.0,0.0,0.0,0.0,0.0,0.0,0.0,0.0,0.0,1.0,0.0,0.0,0.0,0.0,0.0,0.0,0.0,0.0,0.0,0.0,0.0,0.0,0.0,0.07143,0.0,0.0,0.0,0.00837,0.0,0.0,0.6,0.0,0.0,0.0,0.0,0.0,0.0,0.0,0.0
0.00704,0.35294,0.0,0.03448,0.0,0.01616,0.0,0.03242,0.0,0.05111,0.05157,0.0,0.0,0.0,0.0,0.02249,0.00893,0.0,0.0,0.0,0.0,0.0,0.0,0.0,0.0,0.0,0.0,0.0,0.0,0.0,0.0,0.0,0.0,0.0,0.0,0.12195,0.0,0.01786,0.0,0.0,0.03151,0.01246,0.03326,0.00111,0.0,0.0,0.0,0.0,1.0,0.0,0.0,0.0,0.0,0.01639,0.05111,0.0,0.0,0.0,0.0,0.0,0.0,0.0,0.03448,0.01616,0.0,0.0,0.00389,0.0,0.0625,0.5,0.0,0.0,0.0,0.0,0.0,0.0,0.0,0.0
0.0,0.0,0.3526,0.0,0.0,0.0,0.0,0.0,0.0,0.0,0.0,0.0,0.0,0.0,0.0,0.0,0.00843,0.35604,0.0,0.35273,0.35777,0.3526,0.35368,0.0,0.35266,0.35523,0.0,0.0,0.0,0.0,0.0,0.0,0.0,0.0,0.0,0.0,0.0,0.01451,0.0,0.0,0.0,0.0,0.0,0.0,0.0,0.0,0.0,0.0,1.0,0.0,0.0,0.0,0.0,0.0,0.0,0.0,0.0,0.0,0.0,0.0,0.0,0.0,0.0,0.0,0.0,0.0,0.0,0.0,0.0,0.0,0.0,0.0,0.0,0.0,0.0,0.0,0.0,0.0
0.0,0.0,0.49244,0.0,0.0,0.0,0.0,0.0,0.0,0.0,0.0,0.0,0.0,0.0,0.0,0.0,0.00476,0.49514,0.0,0.49254,0.4965,0.49244,0.49329,0.0,0.49249,0.4945,0.0,0.0,0.0,0.0,0.0,0.0,0.0,0.0,0.0,0.0,0.0,0.0082,0.0,0.0,0.0,0.0,0.0,0.0,0.0,0.0,0.0,0.0,1.0,0.0,0.0,0.0,0.0,0.0,0.0,0.0,0.0,0.0,0.0,0.0,0.0,0.0,0.0,0.0,0.0,0.0,0.0,0.0,0.0,0.0,0.0,0.0,0.0,0.0,0.0,0.0,0.0,0.0
0.0,0.0,0.01883,0.0,0.0,0.0,0.0,0.0,0.0,0.0,0.0,0.0,0.0,0.0,0.0,0.0,0.17118,0.02404,0.0,0.01902,0.02667,0.01883,0.02047,0.0,0.01892,0.02281,0.0,0.0,0.0,0.0,0.0,0.0,0.0,0.0,0.0,0.0,0.0,0.2946,0.0,0.0,0.0,0.0,0.0,0.0,0.0,0.0,0.0,0.0,1.0,0.0,0.0,0.0,0.0,0.0,0.0,0.0,0.0,0.0,0.0,0.0,0.0,0.0,0.0,0.0,0.0,0.0,0.0,0.0,0.0,0.0,0.0,0.0,0.0,0.0,0.0,0.0,0.0,0.0
1.0,0.0,3e-05,0.07143,0.0,0.0,0.0,0.0,0.0,0.0,0.0,0.0,0.0,0.0,0.0,0.0,0.00034,5e-05,0.0,3e-05,5e-05,3e-05,3e-05,0.0,3e-05,3e-05,0.0,0.0,0.0,0.0,0.0,0.0,0.0,0.0,0.0,0.06897,0.0,0.00067,0.0,0.0,0.0,0.0,0.0,0.0,0.0,0.0,0.0,0.0,1.0,0.0,0.0,0.0,0.0,0.0,0.0,0.0,0.0,0.0,0.0,0.0,0.0,0.0,0.07143,0.0,0.0,0.0,0.00837,0.0,0.0,0.6,0.0,0.0,0.0,0.0,0.0,0.0,0.0,0.0
0.0,0.0,0.39701,0.0,0.0,0.0,0.0,0.0,0.0,0.0,0.0,0.0,0.0,0.0,0.0,0.0,0.00699,0.40021,0.0,0.39713,0.40183,0.39701,0.39802,0.0,0.39706,0.39945,0.0,0.0,0.0,0.0,0.0,0.0,0.0,0.0,0.0,0.0,0.0,0.01203,0.0,0.0,0.0,0.0,0.0,0.0,0.0,0.0,0.0,0.0,1.0,0.0,0.0,0.0,0.0,0.0,0.0,0.0,0.0,0.0,0.0,0.0,0.0,0.0,0.0,0.0,0.0,0.0,0.0,0.0,0.0,0.0,0.0,0.0,0.0,0.0,0.0,0.0,0.0,0.0
0.0,0.0,0.19674,0.0,0.0,0.0,0.0,0.0,0.0,0.0,0.0,0.0,0.0,0.0,0.0,0.0,0.01842,0.201,0.0,0.19689,0.20315,0.19674,0.19808,0.0,0.19681,0.19999,0.0,0.0,0.0,0.0,0.0,0.0,0.0,0.0,0.0,0.0,0.0,0.0317,0.0,0.0,0.0,0.0,0.0,0.0,0.0,0.0,0.0,0.0,1.0,0.0,0.0,0.0,0.0,0.0,0.0,0.0,0.0,0.0,0.0,0.0,0.0,0.0,0.0,0.0,0.0,0.0,0.0,0.0,0.0,0.0,0.0,0.0,0.0,0.0,0.0,0.0,0.0,0.0
1.0,0.0,0.00023,0.07143,0.0,0.0,0.0,0.0,0.0,0.0,0.0,0.0,0.0,0.0,0.0,0.0,4e-05,0.00045,0.0,0.00025,0.00045,0.00023,0.00025,0.0,0.00025,0.00025,0.0,0.0,0.0,0.0,0.0,0.0,0.0,0.0,0.0,0.06897,0.0,8e-05,0.0,0.0,0.0,0.0,0.0,0.0,0.0,0.0,0.0,0.0,1.0,0.0,0.0,0.0,0.0,0.0,0.0,0.0,0.0,0.0,0.0,0.0,0.0,0.0,0.07143,0.0,0.0,0.0,0.00837,0.0,0.0,0.6,0.0,0.0,0.0,0.0,0.0,0.0,0.0,0.0
0.0,0.0,0.04866,1.0,1.0,0.7863,1.0,0.7863,0.0,0.7863,0.7863,1.0,0.0,1.0,1.0,0.28163,0.28729,0.00667,0.09542,0.03687,7e-05,0.0433,0.01925,0.12605,0.03677,0.00259,0.08496,0.08496,0.12207,0.11711,0.48077,0.0,0.0,0.0,0.0,1.0,1.0,0.20728,0.29062,0.0,1.0,0.94,0.98337,0.96701,0.0,0.0,1.0,1.0,0.0,0.0,0.0,1.0,1.0,0.94,0.7863,1.0,0.0,0.0,0.0,0.0,0.0,0.0,1.0,0.7863,1.0,1.0,1.0,1.0,1.0,0.0,0.0,0.0,0.0,0.0,0.0,0.0,0.0,0.0
0.0,0.0,0.15145,1.0,1.0,0.72877,1.0,0.72877,0.0,0.72877,0.72877,1.0,0.0,1.0,1.0,0.09845,0.09916,0.02371,0.31005,0.13444,2e-05,0.13886,0.06695,0.45519,0.13435,0.00057,0.23913,0.23913,0.35152,0.33454,0.55769,0.0,0.0,0.0,0.0,1.0,1.0,0.06852,0.10337,0.0,1.0,0.92385,0.98001,0.96041,0.0,0.0,1.0,1.0,0.0,0.0,0.0,1.0,1.0,0.92385,0.72877,1.0,0.0,0.0,0.0,0.0,0.0,0.0,1.0,0.72877,1.0,1.0,1.0,1.0,1.0,0.0,0.0,0.0,0.0,0.0,0.0,0.0,0.0,0.0
0.0,0.0,0.07599,0.0,0.0,0.0,0.0,0.0,0.0,0.0,0.0,0.0,0.0,0.0,0.0,0.0,0.05161,0.0809,0.0,0.07617,0.08337,0.07599,0.07754,0.0,0.07607,0.07974,0.0,0.0,0.0,0.0,0.0,0.0,0.0,0.0,0.0,0.0,0.0,0.08882,0.0,0.0,0.0,0.0,0.0,0.0,0.0,0.0,0.0,0.0,1.0,0.0,0.0,0.0,0.0,0.0,0.0,0.0,0.0,0.0,0.0,0.0,0.0,0.0,0.0,0.0,0.0,0.0,0.0,0.0,0.0,0.0,0.0,0.0,0.0,0.0,0.0,0.0,0.0,0.0
0.00084,1.0,1e-05,0.0,0.02041,0.01475,0.00232,0.0296,0.14,0.14,0.0,0.10616,0.79487,0.11376,0.0,0.0231,0.00143,2e-05,0.0,2e-05,2e-05,0.0,0.0,0.0,0.0,0.0,0.0,0.0,0.0,0.0,0.0,0.0,0.0,0.0,0.0,0.01626,0.00806,0.00143,0.00143,0.14,0.10616,0.08635,0.09434,0.0089,0.0,0.0,0.0,0.0,0.0,0.0,0.0,0.0,0.25,0.12777,0.14,0.11376,0.0,0.0,0.0,0.0,0.0,0.0,0.0,0.01475,0.02041,0.00232,0.0,0.0,0.0,0.2,0.0,0.0,0.0,0.0,0.0,0.0,0.0,0.0
0.0,0.0,0.0436,0.0,0.0,0.0,0.0,0.0,0.0,0.0,0.0,0.0,0.0,0.0,0.0,0.0,0.08691,0.04867,0.0,0.04378,0.05123,0.0436,0.04519,0.0,0.04368,0.04747,0.0,0.0,0.0,0.0,0.0,0.0,0.0,0.0,0.0,0.0,0.0,0.14957,0.0,0.0,0.0,0.0,0.0,0.0,0.0,0.0,0.0,0.0,1.0,0.0,0.0,0.0,0.0,0.0,0.0,0.0,0.0,0.0,0.0,0.0,0.0,0.0,0.0,0.0,0.0,0.0,0.0,0.0,0.0,0.0,0.0,0.0,0.0,0.0,0.0,0.0,0.0,0.0
1.0,0.0,0.00024,0.07143,0.0,0.0,0.0,0.0,0.0,0.0,0.0,0.0,0.0,0.0,0.0,0.0,4e-05,0.00048,0.0,0.00027,0.00048,0.00024,0.00027,0.0,0.00027,0.00027,0.0,0.0,0.0,0.0,0.0,0.0,0.0,0.0,0.0,0.06897,0.0,8e-05,0.0,0.0,0.0,0.0,0.0,0.0,0.0,0.0,0.0,0.0,1.0,0.0,0.0,0.0,0.0,0.0,0.0,0.0,0.0,0.0,0.0,0.0,0.0,0.0,0.07143,0.0,0.0,0.0,0.00837,0.0,0.0,0.6,0.0,0.0,0.0,0.0,0.0,0.0,0.0,0.0
0.00084,1.0,0.00014,0.0,0.02041,0.02705,0.00232,0.05426,0.25667,0.25667,0.0,0.10616,0.79487,0.11376,0.0,0.00223,0.00012,0.0002,0.0,0.0002,0.0002,0.0,0.0,0.0,0.0,0.0,0.0,0.0,0.0,0.0,0.0,0.0,0.0,0.0,0.0,0.01626,0.00806,0.00012,0.00012,0.25667,0.10616,0.11164,0.06512,0.00424,0.0,0.0,0.0,0.0,0.0,0.0,0.0,0.0,0.25,0.16519,0.25667,0.11376,0.0,0.0,0.0,0.0,0.0,0.0,0.0,0.02705,0.02041,0.00232,0.0,0.0,0.0,0.2,0.0,0.0,0.0,0.0,0.0,0.0,0.0,0.0
0.0,0.0,0.00922,0.0,0.0,0.0,0.0,0.0,0.0,0.0,0.0,0.0,0.0,0.0,0.0,0.0,0.26892,0.01448,0.0,0.00941,0.01713,0.00922,0.01087,0.0,0.0093,0.01323,0.0,0.0,0.0,0.0,0.0,0.0,0.0,0.0,0.0,0.0,0.0,0.46282,0.0,0.0,0.0,0.0,0.0,0.0,0.0,0.0,0.0,0.0,1.0,0.0,0.0,0.0,0.0,0.0,0.0,0.0,0.0,0.0,0.0,0.0,0.0,0.0,0.0,0.0,0.0,0.0,0.0,0.0,0.0,0.0,0.0,0.0,0.0,0.0,0.0,0.0,0.0,0.0
0.00084,1.0,0.0,0.0,0.02041,0.01581,0.00091,0.03171,0.15,0.15,0.0,0.04178,0.31282,0.04477,0.0,0.08291,0.00952,0.0,0.0,0.0,0.0,0.0,0.0,0.0,0.0,0.0,0.0,0.0,0.0,0.0,0.0,0.0,0.0,0.0,0.0,0.01626,0.00806,0.00952,0.00952,0.15,0.04178,0.05455,0.01336,0.00018,0.0,0.0,0.0,0.0,0.0,0.0,0.0,0.0,0.25,0.08073,0.15,0.04477,0.0,0.0,0.0,0.0,0.0,0.0,0.0,0.01581,0.02041,0.00091,0.0,0.0,0.0,0.2,0.0,0.0,0.0,0.0,0.0,0.0,0.0,0.0
0.0,0.0,0.00591,0.0,0.0,0.0,0.0,0.0,0.0,0.0,0.0,0.0,0.0,0.0,0.0,0.0,0.33362,0.01118,0.0,0.0061,0.01385,0.00591,0.00757,0.0,0.006,0.00994,0.0,0.0,0.0,0.0,0.0,0.0,0.0,0.0,0.0,0.0,0.0,0.57417,0.0,0.0,0.0,0.0,0.0,0.0,0.0,0.0,0.0,0.0,1.0,0.0,0.0,0.0,0.0,0.0,0.0,0.0,0.0,0.0,0.0,0.0,0.0,0.0,0.0,0.0,0.0,0.0,0.0,0.0,0.0,0.0,0.0,0.0,0.0,0.0,0.0,0.0,0.0,0.0
0.00084,1.0,0.00036,0.0,0.02041,0.01545,0.0015,0.03101,0.14667,0.14667,0.0,0.06849,0.51282,0.0734,0.0,0.00056,5e-05,0.0005,0.0,0.0005,0.0005,0.0,0.0,0.0,0.0,0.0,0.0,0.0,0.0,0.0,0.0,0.0,0.0,0.0,0.0,0.01626,0.00806,5e-05,5e-05,0.14667,0.06849,0.06792,0.04675,0.00219,0.0,0.0,0.0,0.0,0.0,0.0,0.0,0.0,0.25,0.10051,0.14667,0.0734,0.0,0.0,0.0,0.0,0.0,0.0,0.0,0.01545,0.02041,0.0015,0.0,0.0,0.0,0.2,0.0,0.0,0.0,0.0,0.0,0.0,0.0,0.0
0.0,0.0,0.38741,1.0,1.0,0.75616,1.0,0.75616,0.0,0.75616,0.75616,1.0,0.0,1.0,1.0,0.04004,0.0372,0.06283,0.5476,0.20759,2e-05,0.17141,0.0832,0.55306,0.16543,0.00203,0.5931,0.5931,0.49753,0.49086,0.48077,0.0,0.0,0.0,0.0,1.0,1.0,0.02282,0.0417,0.0,1.0,0.93154,0.98155,0.96343,0.0,0.0,1.0,1.0,0.0,0.0,0.0,1.0,1.0,0.93154,0.75616,1.0,0.0,0.0,0.0,0.0,0.0,0.0,1.0,0.75616,1.0,1.0,1.0,1.0,1.0,0.0,0.0,0.0,0.0,0.0,0.0,0.0,0.0,0.0
0.00252,0.35294,0.0,0.0,0.0,0.0,0.0,0.0,0.0,0.0,0.0,0.0,0.0,0.0,0.0,0.0,0.08182,0.0,0.0,0.0,0.0,0.0,0.0,0.0,0.0,0.0,0.0,0.0,0.0,0.0,0.0,0.0,0.0,0.0,0.0,0.00982,0.0,0.08182,0.0,0.0,0.0,0.0,0.0,0.0,0.0,0.0,0.0,0.0,1.0,0.0,0.0,0.0,0.0,0.0,0.0,0.0,0.0,0.0,0.0,0.0,0.0,0.0,0.0,0.0,0.0,0.0,0.24997,0.0,0.0,1.0,0.0,0.0,0.0,0.0,0.0,0.0,0.0,0.0
0.0,0.0,0.27627,1.0,1.0,0.71233,1.0,0.71233,0.0,0.71233,0.71233,1.0,0.0,1.0,1.0,0.05496,0.05357,0.04441,0.56553,0.2507,2e-05,0.25542,0.12513,0.83848,0.25062,0.00084,0.42634,0.42634,0.63248,0.6,0.38462,0.0,0.0,0.0,0.0,1.0,1.0,0.0349,0.058,0.0,1.0,0.91923,0.97914,0.95871,0.0,0.0,1.0,1.0,0.0,0.0,0.0,1.0,1.0,0.91923,0.71233,1.0,0.0,0.0,0.0,0.0,0.0,0.0,1.0,0.71233,1.0,1.0,1.0,1.0,1.0,0.0,0.0,0.0,0.0,0.0,0.0,0.0,0.0,0.0
1.0,0.0,1e-05,0.07143,0.0,0.0,0.0,0.0,0.0,0.0,0.0,0.0,0.0,0.0,0.0,0.0,0.00082,2e-05,0.0,1e-05,2e-05,1e-05,1e-05,0.0,1e-05,1e-05,0.0,0.0,0.0,0.0,0.0,0.0,0.0,0.0,0.0,0.06897,0.0,0.00164,0.0,0.0,0.0,0.0,0.0,0.0,0.0,0.0,0.0,0.0,1.0,0.0,0.0,0.0,0.0,0.0,0.0,0.0,0.0,0.0,0.0,0.0,0.0,0.0,0.07143,0.0,0.0,0.0,0.00837,0.0,0.0,0.6,0.0,0.0,0.0,0.0,0.0,0.0,0.0,0.0
0.0,0.0,0.06827,0.0,0.0,0.0,0.0,0.0,0.0,0.0,0.0,0.0,0.0,0.0,0.0,0.0,0.0573,0.07322,0.0,0.06845,0.07571,0.06827,0.06983,0.0,0.06835,0.07205,0.0,0.0,0.0,0.0,0.0,0.0,0.0,0.0,0.0,0.0,0.0,0.09862,0.0,0.0,0.0,0.0,0.0,0.0,0.0,0.0,0.0,0.0,1.0,0.0,0.0,0.0,0.0,0.0,0.0,0.0,0.0,0.0,0.0,0.0,0.0,0.0,0.0,0.0,0.0,0.0,0.0,0.0,0.0,0.0,0.0,0.0,0.0,0.0,0.0,0.0,0.0,0.0
1.0,0.0,3e-05,0.07143,0.0,0.0,0.0,0.0,0.0,0.0,0.0,0.0,0.0,0.0,0.0,0.0,0.00036,5e-05,0.0,3e-05,5e-05,3e-05,3e-05,0.0,3e-05,3e-05,0.0,0.0,0.0,0.0,0.0,0.0,0.0,0.0,0.0,0.06897,0.0,0.00072,0.0,0.0,0.0,0.0,0.0,0.0,0.0,0.0,0.0,0.0,1.0,0.0,0.0,0.0,0.0,0.0,0.0,0.0,0.0,0.0,0.0,0.0,0.0,0.0,0.07143,0.0,0.0,0.0,0.00837,0.0,0.0,0.6,0.0,0.0,0.0,0.0,0.0,0.0,0.0,0.0
1.0,0.0,0.00055,0.14286,0.0,0.0,0.0,0.0,0.0,0.0,0.0,0.0,0.0,0.0,0.0,0.0,2e-05,0.00054,0.00041,0.0005,0.00017,0.00055,0.0003,0.00089,0.0005,0.0001,0.0,0.0,0.0,0.0,0.0,0.0,0.0,0.0,0.0,0.13793,0.0,5e-05,0.0,0.0,0.0,0.0,0.0,0.0,0.0,0.0,0.0,0.0,1.0,0.0,0.0,0.0,0.0,0.0,0.0,0.0,0.0,0.0,0.0,0.0,0.0,0.0,0.14286,0.0,0.0,0.0,0.00837,0.0,0.0,0.6,0.0,0.0,0.0,0.0,0.0,0.0,0.0,0.0
1.0,0.0,8e-05,0.07143,0.0,0.0,0.0,0.0,0.0,0.0,0.0,0.0,0.0,0.0,0.0,0.0,0.00012,0.00015,0.0,8e-05,0.00015,8e-05,8e-05,0.0,8e-05,8e-05,0.0,0.0,0.0,0.0,0.0,0.0,0.0,0.0,0.0,0.06897,0.0,0.00024,0.0,0.0,0.0,0.0,0.0,0.0,0.0,0.0,0.0,0.0,1.0,0.0,0.0,0.0,0.0,0.0,0.0,0.0,0.0,0.0,0.0,0.0,0.0,0.0,0.07143,0.0,0.0,0.0,0.00837,0.0,0.0,0.6,0.0,0.0,0.0,0.0,0.0,0.0,0.0,0.0
1.0,0.0,7e-05,0.07143,0.0,0.0,0.0,0.0,0.0,0.0,0.0,0.0,0.0,0.0,0.0,0.0,0.00013,0.00014,0.0,8e-05,0.00014,7e-05,8e-05,0.0,8e-05,8e-05,0.0,0.0,0.0,0.0,0.0,0.0,0.0,0.0,0.0,0.06897,0.0,0.00026,0.0,0.0,0.0,0.0,0.0,0.0,0.0,0.0,0.0,0.0,1.0,0.0,0.0,0.0,0.0,0.0,0.0,0.0,0.0,0.0,0.0,0.0,0.0,0.0,0.07143,0.0,0.0,0.0,0.00837,0.0,0.0,0.6,0.0,0.0,0.0,0.0,0.0,0.0,0.0,0.0
0.0,0.0,0.08804,0.0,0.0,0.0,0.0,0.0,0.0,0.0,0.0,0.0,0.0,0.0,0.0,0.0,0.04455,0.09288,0.0,0.08821,0.09532,0.08804,0.08956,0.0,0.08812,0.09173,0.0,0.0,0.0,0.0,0.0,0.0,0.0,0.0,0.0,0.0,0.0,0.07668,0.0,0.0,0.0,0.0,0.0,0.0,0.0,0.0,0.0,0.0,1.0,0.0,0.0,0.0,0.0,0.0,0.0,0.0,0.0,0.0,0.0,0.0,0.0,0.0,0.0,0.0,0.0,0.0,0.0,0.0,0.0,0.0,0.0,0.0,0.0,0.0,0.0,0.0,0.0,0.0
0.0,0.0,0.10012,0.0,0.0,0.0,0.0,0.0,0.0,0.0,0.0,0.0,0.0,0.0,0.0,0.0,0.03906,0.10489,0.0,0.10029,0.1073,0.10012,0.10162,0.0,0.1002,0.10376,0.0,0.0,0.0,0.0,0.0,0.0,0.0,0.0,0.0,0.0,0.0,0.06722,0.0,0.0,0.0,0.0,0.0,0.0,0.0,0.0,0.0,0.0,1.0,0.0,0.0,0.0,0.0,0.0,0.0,0.0,0.0,0.0,0.0,0.0,0.0,0.0,0.0,0.0,0.0,0.0,0.0,0.0,0.0,0.0,0.0,0.0,0.0,0.0,0.0,0.0,0.0,0.0
0.0,0.0,0.844,0.15789,0.27273,0.12081,0.10974,0.88068,0.0,0.47876,0.78182,0.46436,0.0,0.40239,0.53619,0.13307,0.0,0.99942,0.99972,0.99972,0.39286,0.844,0.99942,0.99976,0.99975,0.20569,0.00111,0.00169,0.00032,0.00069,0.83546,0.0,0.0,0.0,0.0,0.18367,0.31034,0.0,0.32314,0.0,0.46436,0.41181,0.49871,0.24871,0.0,0.0,1.0,1.0,0.0,0.0,0.0,1.0,0.0,0.44925,0.47876,0.40239,0.0,0.0,0.0,0.0,0.0,0.0,0.15789,0.12081,0.27273,0.10974,1.0,0.71987,0.11111,0.0,0.0,0.0,0.0,0.0,0.0,0.0,0.0,0.0
1.0,0.0,1e-05,0.07143,0.0,0.0,0.0,0.0,0.0,0.0,0.0,0.0,0.0,0.0,0.0,0.0,0.00083,2e-05,0.0,1e-05,2e-05,1e-05,1e-05,0.0,1e-05,1e-05,0.0,0.0,0.0,0.0,0.0,0.0,0.0,0.0,0.0,0.06897,0.0,0.00166,0.0,0.0,0.0,0.0,0.0,0.0,0.0,0.0,0.0,0.0,1.0,0.0,0.0,0.0,0.0,0.0,0.0,0.0,0.0,0.0,0.0,0.0,0.0,0.0,0.07143,0.0,0.0,0.0,0.00837,0.0,0.0,0.6,0.0,0.0,0.0,0.0,0.0,0.0,0.0,0.0
0.0,0.0,0.08813,0.0,0.0,0.0,0.0,0.0,0.0,0.0,0.0,0.0,0.0,0.0,0.0,0.0,0.04451,0.09296,0.0,0.0883,0.0954,0.08813,0.08965,0.0,0.0882,0.09182,0.0,0.0,0.0,0.0,0.0,0.0,0.0,0.0,0.0,0.0,0.0,0.0766,0.0,0.0,0.0,0.0,0.0,0.0,0.0,0.0,0.0,0.0,1.0,0.0,0.0,0.0,0.0,0.0,0.0,0.0,0.0,0.0,0.0,0.0,0.0,0.0,0.0,0.0,0.0,0.0,0.0,0.0,0.0,0.0,0.0,0.0,0.0,0.0,0.0,0.0,0.0,0.0
1.0,0.0,0.00017,0.07143,0.0,0.0,0.0,0.0,0.0,0.0,0.0,0.0,0.0,0.0,0.0,0.0,5e-05,0.00034,0.0,0.00019,0.00034,0.00017,0.00019,0.0,0.00019,0.00019,0.0,0.0,0.0,0.0,0.0,0.0,0.0,0.0,0.0,0.06897,0.0,0.00011,0.0,0.0,0.0,0.0,0.0,0.0,0.0,0.0,0.0,0.0,1.0,0.0,0.0,0.0,0.0,0.0,0.0,0.0,0.0,0.0,0.0,0.0,0.0,0.0,0.07143,0.0,0.0,0.0,0.00837,0.0,0.0,0.6,0.0,0.0,0.0,0.0,0.0,0.0,0.0,0.0
0.05386,0.35294,0.01485,0.12069,0.14286,0.40183,0.02368,0.4771,0.0,0.47667,0.44264,0.80342,0.0,0.16577,0.61082,0.00025,1e-05,0.00147,0.0148,0.0111,0.0,0.01489,0.00295,0.01751,0.01346,0.0,0.01365,0.02334,0.01407,0.01613,0.01802,0.0,0.0,0.0,0.0,0.34959,0.15323,1e-05,1e-05,0.0,0.80342,0.18459,0.46187,0.21333,0.0,0.0,1.0,1.0,0.0,0.0,0.0,1.0,0.0,0.19424,0.47667,0.16577,0.0,0.0,0.0,0.0,0.0,0.0,0.12069,0.40183,0.14286,0.02368,0.12502,0.98348,0.3125,0.5,0.0,0.0,0.0,0.0,0.0,0.0,0.0,0.0
0.0,0.0,0.24425,0.0,0.0,0.0,0.0,0.0,0.0,0.0,0.0,0.0,0.0,0.0,0.0,0.0,0.01406,0.24826,0.0,0.24439,0.25028,0.24425,0.24551,0.0,0.24431,0.24731,0.0,0.0,0.0,0.0,0.0,0.0,0.0,0.0,0.0,0.0,0.0,0.02421,0.0,0.0,0.0,0.0,0.0,0.0,0.0,0.0,0.0,0.0,1.0,0.0,0.0,0.0,0.0,0.0,0.0,0.0,0.0,0.0,0.0,0.0,0.0,0.0,0.0,0.0,0.0,0.0,0.0,0.0,0.0,0.0,0.0,0.0,0.0,0.0,0.0,0.0,0.0,0.0
0.00704,0.35294,0.0459,0.13793,0.14286,0.20653,0.077,0.24101,0.0,0.21778,0.23642,1.0,0.0,0.53903,0.99113,0.00017,0.0,0.00425,0.08092,0.06076,0.0,0.046,0.00797,0.08004,0.06076,0.0,0.00124,0.00212,0.00159,0.00132,0.0,0.0,0.0,0.0,0.0,0.39024,0.15323,0.0,0.0,0.0,1.0,0.36526,0.80223,0.64357,0.0,0.0,1.0,1.0,0.0,0.0,0.0,1.0,0.0,0.38284,0.21778,0.53903,0.0,0.0,0.0,0.0,0.0,0.0,0.13793,0.20653,0.14286,0.077,0.12502,0.00207,0.1875,0.5,0.00326,0.0,0.00326,0.00326,0.06076,0.0,0.06076,0.06076
0.00704,0.35294,0.04387,0.10345,0.18367,0.2803,0.05668,0.31642,0.0,0.38,0.33277,1.0,0.0,0.30859,0.86071,0.00014,0.0,0.00406,0.07735,0.05808,0.0,0.00204,0.00047,0.00115,0.00098,1e-05,0.04364,0.05596,0.07371,0.08442,0.0,0.0,0.0,0.0,0.0,0.30894,0.19355,0.0,0.0,0.0,1.0,0.29213,0.68226,0.46547,0.0,0.0,1.0,1.0,0.0,0.0,0.0,1.0,0.25,0.30619,0.38,0.30859,0.0,0.0,0.0,0.0,0.0,0.0,0.10345,0.2803,0.18367,0.05668,0.12502,0.00099,0.1875,0.5,0.0,0.0,0.0,0.0,0.0,0.0,0.0,0.0
0.01572,1.0,0.79438,0.0199,0.0,0.05326,0.0,0.42808,1.0,0.71674,0.0,0.0,0.0,0.0,0.0,0.0027,0.0,0.31775,1.0,0.74556,0.07103,0.79438,0.31775,1.0,0.74556,0.07103,0.0,0.0,0.0,0.0,0.0,0.0,0.0,0.0,0.0,0.01179,0.0,0.0,0.0,1.0,0.17123,0.6244,0.0,0.0,0.0,0.0,0.0,0.0,0.0,0.0,0.0,0.0,0.0,0.72613,0.71674,0.0,0.0,0.0,0.0,0.0,0.0,0.0,0.0199,0.05326,0.0,0.0,0.0,0.0,0.0495,0.4,0.99956,0.0,0.99956,0.99956,0.37943,0.99996,0.74556,0.12785
0.00084,1.0,0.00011,0.0,0.02041,0.0137,0.0015,0.02748,0.13,0.13,0.0,0.06849,0.51282,0.0734,0.0,0.00182,0.00016,0.00015,0.0,0.00015,0.00015,0.0,0.0,0.0,0.0,0.0,0.0,0.0,0.0,0.0,0.0,0.0,0.0,0.0,0.0,0.01626,0.00806,0.00016,0.00016,0.13,0.06849,0.06431,0.05093,0.00259,0.0,0.0,0.0,0.0,0.0,0.0,0.0,0.0,0.25,0.09516,0.13,0.0734,0.0,0.0,0.0,0.0,0.0,0.0,0.0,0.0137,0.02041,0.0015,0.0,0.0,0.0,0.2,0.0,0.0,0.0,0.0,0.0,0.0,0.0,0.0
0.0,0.0,0.0,0.0,0.2,0.0,0.0,0.0,0.0,0.0,0.0,0.0,0.0,0.0,0.0,0.0,0.5,0.0,0.0,0.0,0.0,0.0,0.0,0.0,0.0,0.0,0.0,0.0,0.0,0.0,0.0,0.0,0.0,0.0,0.0,0.01724,0.11905,0.5,0.5,0.0,0.0,0.0,0.0,0.0,0.0,0.0,0.0,1.0,0.0,0.0,0.0,0.0,1.0,0.0,0.0,0.0,0.0,0.0,0.0,0.0,0.0,0.0,0.0,0.0,0.2,0.0,1.0,0.0042,0.0,1.0,0.0,0.0,0.0,0.0,0.0,0.0,0.0,0.0
0.0,0.0,0.0,0.0,0.2,0.0,0.0,0.0,0.0,0.0,0.0,0.0,0.0,0.0,0.0,0.0,0.33333,0.0,0.0,0.0,0.0,0.0,0.0,0.0,0.0,0.0,0.0,0.0,0.0,0.0,0.0,0.0,0.0,0.0,0.0,0.01724,0.11905,0.33333,0.33333,0.0,0.0,0.0,0.0,0.0,0.0,0.0,0.0,1.0,0.0,0.0,0.0,0.0,1.0,0.0,0.0,0.0,0.0,0.0,0.0,0.0,0.0,0.0,0.0,0.0,0.2,0.0,1.0,0.0042,0.0,1.0,0.0,0.0,0.0,0.0,0.0,0.0,0.0,0.0
1.0,0.0,0.01796,0.07143,0.0,0.0,0.0,0.0,0.0,0.0,0.0,0.0,0.0,0.0,0.0,0.0,0.0,0.03499,0.0,0.01944,0.03499,0.01796,0.01944,0.0,0.01944,0.01944,0.0,0.0,0.0,0.0,0.0,0.0,0.0,0.0,0.0,0.06897,0.0,0.0,0.0,0.0,0.0,0.0,0.0,0.0,0.0,0.0,0.0,0.0,1.0,0.0,0.0,0.0,0.0,0.0,0.0,0.0,0.0,0.0,0.0,0.0,0.0,0.0,0.07143,0.0,0.0,0.0,0.00841,0.0,0.0,0.6,0.0,0.0,0.0,0.0,0.0,0.0,0.0,0.0
0.0,0.0,0.31256,0.0,0.0,0.0,0.0,0.0,0.0,0.0,0.0,0.0,0.0,0.0,0.0,0.0,0.01007,0.3162,0.0,0.31269,0.31805,0.31256,0.3137,0.0,0.31262,0.31534,0.0,0.0,0.0,0.0,0.0,0.0,0.0,0.0,0.0,0.0,0.0,0.01733,0.0,0.0,0.0,0.0,0.0,0.0,0.0,0.0,0.0,0.0,1.0,0.0,0.0,0.0,0.0,0.0,0.0,0.0,0.0,0.0,0.0,0.0,0.0,0.0,0.0,0.0,0.0,0.0,0.0,0.0,0.0,0.0,0.0,0.0,0.0,0.0,0.0,0.0,0.0,0.0
0.0,0.0,0.0,0.0,0.2,0.0,0.0,0.0,0.0,0.0,0.0,0.0,0.0,0.0,0.0,0.0,0.1,0.0,0.0,0.0,0.0,0.0,0.0,0.0,0.0,0.0,0.0,0.0,0.0,0.0,0.0,0.0,0.0,0.0,0.0,0.01724,0.11905,0.1,0.1,0.0,0.0,0.0,0.0,0.0,0.0,0.0,0.0,1.0,0.0,0.0,0.0,0.0,1.0,0.0,0.0,0.0,0.0,0.0,0.0,0.0,0.0,0.0,0.0,0.0,0.2,0.0,1.0,0.0042,0.0,1.0,0.0,0.0,0.0,0.0,0.0,0.0,0.0,0.0
