0,1,2,3,4,5,6,7,8,9,10,11,12,13,14,15,16,17,18,19,20,21,22,23,24,25,26,27,28,29,30,31,32,33,34,35,36,37,38,39,40,41
0.0,0.90909,0.0,0.6,0.00402,0.0,0.00056,0.0,0.11111,1.0,0.0,0.11111,0.0,0.0,0.0,0.0,0.0,0.0,0.0,0.0,0.0,0.0,0.0,0.0,0.0,0.0,0.06387,0.0,0.0,0.0,0.15385,0.33333,0.05556,0.11111,0.11111,0.125,0.0,0.0,0.0,0.04878,0.15385,0.0
0.21447,0.59091,0.0,0.6,0.16466,0.0,0.00855,0.0,0.0,1.0,0.0,0.0,0.0,0.0,0.0,0.03401,0.0,0.00037,0.0,0.0,0.0,0.0,0.0,0.0,0.0,0.0,0.01361,0.0,0.0,0.0,0.0,0.33333,0.0,0.0,0.0,0.0,0.0,0.0,0.0,0.07317,0.0,0.0
0.0,0.90909,0.0,0.6,0.00402,0.0,0.00056,0.0,0.11111,1.0,0.0,0.11111,0.0,0.0,0.0,0.0,0.0,0.0,0.0,0.0,0.0,0.0,0.0,0.0,0.0,0.0,0.06387,0.0,0.0,0.0,0.07692,0.33333,0.05556,0.11111,0.11111,0.0625,0.0,0.0,0.0,0.02439,0.07692,0.0
0.0,0.17424,0.0,0.6,0.00402,0.0,0.00048,0.0,0.11111,1.0,0.0,0.1,0.0,0.0,0.0,0.0,0.0,0.0,0.0,0.0,0.0,0.0,0.0,0.0,0.0,0.0,0.0534,0.0,0.0,0.0,0.69231,0.33333,0.44444,0.77778,0.77778,0.5625,0.0,0.0,0.0,0.17073,0.69231,0.0
0.01436,0.85606,0.55556,0.4,0.03614,0.41667,0.00312,0.08676,2e-05,0.24409,1.0,1e-05,0.08859,0.33333,0.28571,0.01037,0.00751,0.00713,0.0045,1.0,0.97964,0.29373,1.0,0.33746,0.20462,0.31029,0.04712,0.15645,1.0,0.02644,0.23077,0.16667,0.0,0.0,0.0,0.1875,0.0,0.0,0.13333,0.0,0.23077,0.0
0.85322,0.85606,0.55556,0.4,0.07631,0.66667,0.00658,0.1631,0.0,0.24409,1.0,0.0,0.00292,1.0,0.57143,0.29197,0.29541,0.39548,0.41116,1.0,0.92083,0.5419,1.0,0.21311,0.20783,0.0914,0.04817,0.18398,1.0,0.02826,0.23077,0.16667,0.11111,0.33333,0.22222,0.125,0.0,0.0,0.2,1.0,0.15385,0.0
0.0,0.62121,0.0,0.6,0.00402,0.0,0.00056,0.0,0.11111,1.0,0.0,0.11111,0.0,0.0,0.0,0.0,0.0,0.0,0.0,0.0,0.0,0.0,0.0,0.0,0.0,0.0,0.06387,0.0,0.0,0.0,0.23077,0.33333,0.05556,0.11111,0.11111,0.1875,0.0,0.0,0.0,0.07317,0.23077,0.0
0.84134,0.85606,0.55556,0.4,0.07631,0.66667,0.00641,0.16671,0.0,0.24409,1.0,0.0,0.00303,0.66667,0.85714,0.28791,0.29149,0.38784,0.40346,1.0,0.71324,0.40146,1.0,0.1811,0.14608,0.11827,0.04607,0.18773,1.0,0.03784,0.30769,0.16667,0.16667,0.33333,0.33333,0.25,0.0,0.0,0.4,0.07317,0.30769,0.0
0.01869,0.59091,0.0,0.6,0.10843,0.0,0.01193,0.0,2e-05,1.0,0.0,3e-05,0.0,0.0,0.0,0.0045,0.0,5e-05,0.0,0.0,0.0,0.0,0.0,0.0,0.0,0.0,0.07225,0.0,0.0,0.0,0.0,0.33333,0.0,0.0,0.0,0.0,0.0,0.0,0.0,0.0,0.0,0.0
0.01177,0.85606,0.55556,0.4,0.03614,0.33333,0.00309,0.07355,2e-05,0.24409,1.0,1e-05,0.08904,0.33333,0.28571,0.00849,0.00808,0.00497,0.0058,1.0,0.63765,0.11982,1.0,0.36317,0.18311,0.3833,0.04607,0.16521,1.0,0.0193,0.07692,0.16667,0.0,0.0,0.0,0.0625,0.0,0.0,0.03333,0.07317,0.07692,0.0
0.00705,0.85606,0.55556,0.4,0.03614,0.33333,0.00298,0.07397,4e-05,0.24409,1.0,2e-05,0.14952,0.33333,0.28571,0.72798,0.72783,0.72677,0.72643,1.0,0.96067,0.71846,1.0,0.37197,0.20969,0.36312,0.04293,0.16646,1.0,0.02006,0.46154,0.16667,0.16667,0.33333,0.33333,0.375,0.0,0.0,0.53333,0.07317,0.46154,0.0
0.84134,0.85606,0.55556,0.4,0.07631,0.66667,0.00641,0.16671,0.0,0.24409,1.0,0.0,0.00303,0.66667,0.85714,0.28791,0.29149,0.38784,0.40346,1.0,0.71324,0.40146,1.0,0.1811,0.14608,0.11827,0.04607,0.18773,1.0,0.03784,0.30769,0.16667,0.16667,0.33333,0.33333,0.25,0.0,0.0,0.4,0.07317,0.30769,0.0
0.00613,0.85606,0.55556,0.4,0.03614,0.33333,0.00299,0.08134,5e-05,0.24409,1.0,2e-05,0.18905,0.33333,0.28571,0.00443,0.00403,0.00222,0.00216,1.0,0.10116,0.38016,1.0,0.24401,0.1427,0.23137,0.04293,0.18273,1.0,0.02766,0.46154,0.16667,0.11111,0.22222,0.11111,0.3125,0.0,0.0,0.13333,0.04878,0.38462,0.0
0.0,0.38636,0.0,0.6,0.00402,0.0,0.00056,0.0,0.11111,1.0,0.0,0.11111,0.0,0.0,0.0,0.0,0.0,0.0,0.0,0.0,0.0,0.0,0.0,0.0,0.0,0.0,0.06387,0.0,0.0,0.0,0.53846,0.33333,0.11111,0.22222,0.22222,0.5,0.0,0.0,0.0,0.09756,0.53846,0.0
0.0,0.90909,0.0,0.6,0.00402,0.0,0.00056,0.0,0.33333,1.0,0.0,0.33333,0.0,0.0,0.0,0.0,0.0,0.0,0.0,0.0,0.0,0.0,0.0,0.0,0.0,0.0,0.06387,0.0,0.0,0.0,0.23077,0.33333,0.05556,0.11111,0.11111,0.25,0.0,0.0,0.0,0.09756,0.23077,0.0
0.0,0.16667,0.0,0.6,0.00402,0.0,0.00056,0.0,0.2,1.0,0.0,0.2,0.0,0.0,0.0,0.0,0.0,0.0,0.0,0.0,0.0,0.0,0.0,0.0,0.0,0.0,0.06387,0.0,0.0,0.0,0.84615,0.33333,0.27778,0.22222,0.22222,1.0,0.0,0.0,0.0,0.12195,0.84615,0.0
0.0,0.12121,0.0,0.6,0.00402,0.0,0.00056,0.0,0.11111,1.0,0.0,0.11111,0.0,0.0,0.0,0.0,0.0,0.0,0.0,0.0,0.0,0.0,0.0,0.0,0.0,0.0,0.06387,0.0,0.0,0.0,0.23077,0.33333,0.11111,0.22222,0.22222,0.1875,0.0,0.0,0.0,0.04878,0.23077,0.0
0.0,0.78788,0.0,0.6,0.00402,0.0,0.00056,0.0,0.125,1.0,0.0,0.125,0.0,0.0,0.0,0.0,0.0,0.0,0.0,0.0,0.0,0.0,0.0,0.0,0.0,0.0,0.06387,0.0,0.0,0.0,0.38462,0.33333,0.05556,0.11111,0.11111,0.3125,0.0,0.0,0.0,0.02439,0.38462,0.0
0.02194,0.55303,0.0,0.6,0.01205,0.0,0.00137,0.0,0.0,1.0,0.0,0.0,0.0,0.0,0.0,0.04755,0.0,0.00068,0.0,0.0,0.0,0.0,0.0,0.0,0.0,0.0,0.06387,0.0,0.0,0.0,0.92308,0.33333,0.11111,0.22222,0.22222,0.75,0.0,0.0,0.0,0.07317,0.92308,0.0
0.0,0.90909,0.0,0.6,0.00402,0.0,0.00056,0.0,0.33333,1.0,0.0,0.33333,0.0,0.0,0.0,0.0,0.0,0.0,0.0,0.0,0.0,0.0,0.0,0.0,0.0,0.0,0.06387,0.0,0.0,0.0,0.38462,0.33333,0.11111,0.22222,0.22222,0.3125,0.0,0.0,0.0,0.04878,0.38462,0.0
0.0,0.90909,0.0,0.5,0.00012,0.0,1e-05,0.0,0.11111,0.99608,0.0,0.02403,0.0,0.0,0.0,0.0,0.0,0.0,0.0,0.0,0.0,0.0,0.0,0.0,0.0,0.0,0.04369,0.0,0.0,0.0,0.02857,0.33333,0.0,0.0,0.0,0.02273,0.0,0.0,0.0,0.45455,0.05263,0.0
0.0,0.22727,0.0,0.5,0.00012,0.0,1e-05,0.0,0.33333,0.99608,0.0,0.06489,0.0,0.0,0.0,0.0,0.0,0.0,0.0,0.0,0.0,0.0,0.0,0.0,0.0,0.0,0.03665,0.0,0.0,0.0,0.08571,0.33333,0.04545,0.09375,0.22222,0.04545,0.0,0.0,0.0,0.06818,0.10526,0.0
0.0,0.90909,0.0,0.5,0.00012,0.0,1e-05,0.0,0.25,0.99608,0.0,0.05407,0.0,0.0,0.0,0.0,0.0,0.0,0.0,0.0,0.0,0.0,0.0,0.0,0.0,0.0,0.04369,0.0,0.0,0.0,0.08571,0.33333,0.02273,0.03125,0.11111,0.06818,0.0,0.0,0.0,0.04545,0.15789,0.0
0.0,0.75758,0.0,0.5,0.00012,0.0,1e-05,0.0,0.11111,0.99608,0.0,0.02403,0.0,0.0,0.0,0.0,0.0,0.0,0.0,0.0,0.0,0.0,0.0,0.0,0.0,0.0,0.04369,0.0,0.0,0.0,0.14286,0.33333,0.0,0.0,0.0,0.11364,0.0,0.0,0.0,0.0,0.26316,0.0
0.0,0.90909,0.0,0.5,0.00012,0.0,1e-05,0.0,0.11111,0.99608,0.0,0.02403,0.0,0.0,0.0,0.0,0.0,0.0,0.0,0.0,0.0,0.0,0.0,0.0,0.0,0.0,0.04369,0.0,0.0,0.0,0.11429,0.33333,0.09091,0.125,0.44444,0.09091,0.0,0.0,0.0,0.11364,0.21053,0.0
0.01115,0.85606,0.41667,0.33333,0.00112,0.00073,7e-05,8e-05,3e-05,0.24314,1.0,0.0,0.0061,0.0005,0.00036,0.00872,0.04046,0.0316,0.00373,1.0,0.8438,0.18855,1.0,0.43492,0.27759,0.40417,0.03101,0.1116,0.2,4e-05,0.0,0.16667,0.0,0.0,0.0,0.0,0.0,0.0,0.16667,0.0,0.0,0.0
0.0,0.90909,0.0,0.5,0.00012,0.0,1e-05,0.0,1.0,0.99608,0.0,0.21629,0.0,0.0,0.0,0.0,0.0,0.0,0.0,0.0,0.0,0.0,0.0,0.0,0.0,0.0,0.04369,0.0,0.0,0.0,0.05714,0.33333,0.04545,0.03125,0.11111,0.04545,0.0,0.0,0.0,0.02273,0.10526,0.0
0.0,0.01515,0.0,0.5,0.00012,0.0,1e-05,0.0,0.11111,0.99608,0.0,0.02403,0.0,0.0,0.0,0.0,0.0,0.0,0.0,0.0,0.0,0.0,0.0,0.0,0.0,0.0,0.04369,0.0,0.0,0.0,0.11429,0.33333,0.0,0.0,0.0,0.09091,0.0,0.0,0.0,0.0,0.21053,0.0
0.00028,0.90152,0.16667,0.0,0.00012,0.00018,1e-05,2e-05,0.00018,0.24314,1.0,1e-05,0.02776,0.0,0.0,0.0,0.0,0.0,0.0,0.0,0.0,0.0,0.0,0.0,0.0,0.0,0.0155,0.08826,0.0,0.0,0.0,0.5,0.0,0.0,0.0,0.0,0.0,0.0,0.0,0.0,0.0,0.0
0.0,0.59091,0.0,0.5,0.00012,0.0,1e-05,0.0,0.11111,0.99608,0.0,0.02403,0.0,0.0,0.0,0.0,0.0,0.0,0.0,0.0,0.0,0.0,0.0,0.0,0.0,0.0,0.04369,0.0,0.0,0.0,0.08571,0.33333,0.02273,0.03125,0.11111,0.06818,0.0,0.0,0.0,0.02273,0.15789,0.0
0.0,0.90909,0.0,0.5,0.00012,0.0,1e-05,0.0,0.1,0.99608,0.0,0.02163,0.0,0.0,0.0,0.0,0.0,0.0,0.0,0.0,0.0,0.0,0.0,0.0,0.0,0.0,0.04369,0.0,0.0,0.0,0.14286,0.33333,0.04545,0.0625,0.22222,0.11364,0.0,0.0,0.0,0.09091,0.26316,0.0
0.08422,0.59091,0.0,0.5,0.00508,0.0,0.00025,0.0,1e-05,0.99608,0.0,0.0,0.0,0.0,0.0,0.01445,0.0,0.0012,0.0,0.0,0.0,0.0,0.0,0.0,0.0,0.0,0.01832,0.0,0.0,0.0,0.0,0.33333,0.0,0.0,0.0,0.0,0.0,0.0,0.0,0.0,0.0,0.0
0.0,0.90909,0.0,0.5,0.00012,0.0,1e-05,0.0,0.11111,0.99608,0.0,0.02403,0.0,0.0,0.0,0.0,0.0,0.0,0.0,0.0,0.0,0.0,0.0,0.0,0.0,0.0,0.04369,0.0,0.0,0.0,0.05714,0.33333,0.04545,0.0625,0.22222,0.04545,0.0,0.0,0.0,0.06818,0.10526,0.0
0.0,0.52273,0.0,0.5,0.00012,0.0,1e-05,0.0,0.125,0.99608,0.0,0.02704,0.0,0.0,0.0,0.0,0.0,0.0,0.0,0.0,0.0,0.0,0.0,0.0,0.0,0.0,0.04369,0.0,0.0,0.0,0.02857,0.33333,0.0,0.0,0.0,0.02273,0.0,0.0,0.0,0.0,0.05263,0.0
0.0,0.47727,0.0,0.5,0.00012,0.0,1e-05,0.0,0.33333,0.99608,0.0,0.0721,0.0,0.0,0.0,0.0,0.0,0.0,0.0,0.0,0.0,0.0,0.0,0.0,0.0,0.0,0.04369,0.0,0.0,0.0,0.14286,0.33333,0.02273,0.03125,0.11111,0.11364,0.0,0.0,0.0,0.04545,0.26316,0.0
0.0,0.45455,0.0,0.5,0.00012,0.0,1e-05,0.0,0.33333,0.99608,0.0,0.0721,0.0,0.0,0.0,0.0,0.0,0.0,0.0,0.0,0.0,0.0,0.0,0.0,0.0,0.0,0.04369,0.0,0.0,0.0,0.31429,0.33333,0.11364,0.125,0.44444,0.36364,0.0,0.0,0.0,0.11364,0.57895,0.0
0.02582,0.85606,0.0,0.33333,0.00112,0.00073,4e-05,2e-05,1e-05,0.99608,1.0,0.0,0.00076,0.0005,0.00018,0.02019,0.09636,0.09352,0.01344,1.0,0.3894,0.70253,1.0,0.47149,0.34012,0.40679,0.00634,0.03209,0.0,0.0,0.0,0.16667,0.0,0.0,0.0,0.0,0.0,0.0,0.0,0.0,0.0,0.0
0.0,0.30303,0.0,0.5,0.00012,0.0,1e-05,0.0,0.11111,0.99608,0.0,0.02403,0.0,0.0,0.0,0.0,0.0,0.0,0.0,0.0,0.0,0.0,0.0,0.0,0.0,0.0,0.04369,0.0,0.0,0.0,0.2,0.33333,0.06818,0.09375,0.33333,0.31818,0.0,0.0,0.0,0.06818,0.36842,0.0
0.0,0.09091,0.0,0.5,0.00012,0.0,1e-05,0.0,0.33333,0.99608,0.0,0.0721,0.0,0.0,0.0,0.0,0.0,0.0,0.0,0.0,0.0,0.0,0.0,0.0,0.0,0.0,0.04369,0.0,0.0,0.0,0.22857,0.33333,0.09091,0.0625,0.22222,0.27273,0.0,0.0,0.0,0.09091,0.42105,0.0
0.0,0.90909,0.0,0.5,0.00012,0.0,1e-05,0.0,0.16667,0.99608,0.0,0.03605,0.0,0.0,0.0,0.0,0.0,0.0,0.0,0.0,0.0,0.0,0.0,0.0,0.0,0.0,0.04369,0.0,0.0,0.0,0.2,0.33333,0.09091,0.0625,0.22222,0.25,0.0,0.0,0.0,0.09091,0.36842,0.0
0.00373,0.85606,0.41667,0.33333,0.00094,0.00162,6e-05,5e-05,7e-05,1.0,1.0,1e-05,0.00327,0.00042,0.00054,0.00186,0.00343,0.001,0.0004,1.0,0.86984,0.35974,1.0,0.047,0.03807,0.03548,0.03508,0.03095,0.00581,0.0,0.0,0.16667,0.0,0.0,0.0,0.0,0.0,0.0,0.25,0.01695,0.0,0.0
0.0,0.90909,0.0,0.5,0.0001,0.0,1e-05,0.0,0.1,1.0,0.0,0.0163,0.0,0.0,0.0,0.0,0.0,0.0,0.0,0.0,0.0,0.0,0.0,0.0,0.0,0.0,0.04195,0.0,0.0,0.0,0.13636,0.33333,0.10638,0.08333,0.22222,0.23913,0.0,0.0,0.0,0.08475,0.13953,0.0
0.0,0.07576,0.0,0.5,0.0001,0.0,1e-05,0.0,0.2,1.0,0.0,0.0326,0.0,0.0,0.0,0.0,0.0,0.0,0.0,0.0,0.0,0.0,0.0,0.0,0.0,0.0,0.04195,0.0,0.0,0.0,0.13636,0.33333,0.02128,0.04167,0.11111,0.13043,0.0,0.0,0.0,0.22034,0.13953,0.0
0.00563,0.85606,0.41667,0.33333,0.00114,0.0027,0.0001,0.00042,6e-05,0.24409,1.0,1e-05,0.01821,0.00062,0.00163,0.00258,0.00302,0.00138,0.00035,1.0,0.09631,0.51637,1.0,0.03585,0.01493,0.03215,0.04746,0.14374,0.00581,1e-05,0.0,0.16667,0.0,0.0,0.0,0.0,0.0,0.0,0.25,0.0,0.0,0.0
0.04739,0.85606,0.75,0.33333,0.01674,0.01082,0.01493,0.0005,7e-05,0.24409,1.0,0.00011,0.00279,0.01624,0.00433,0.00148,0.00585,0.00149,0.00052,1.0,0.25963,0.91428,1.0,0.16757,0.23955,0.08909,0.79574,0.04264,0.0,0.0,0.0,0.16667,0.02128,0.0,0.0,0.02174,0.0,0.0,0.0,0.01695,0.0,0.0
0.0,0.94697,0.0,0.5,0.0001,0.0,1e-05,0.0,0.11111,1.0,0.0,0.01811,0.0,0.0,0.0,0.0,0.0,0.0,0.0,0.0,0.0,0.0,0.0,0.0,0.0,0.0,0.04195,0.0,0.0,0.0,0.06818,0.33333,0.0,0.0,0.0,0.06522,0.0,0.0,0.0,0.0,0.06977,0.0
0.0937,0.85606,0.0,0.33333,0.02423,0.0146,0.02321,0.0006,5e-05,0.24409,1.0,9e-05,0.00171,0.02374,0.00271,0.00203,0.00866,0.00215,0.00075,1.0,0.31443,0.63055,1.0,0.0,0.0,0.0,0.85763,0.03783,0.0,0.0,0.02273,0.16667,0.02128,0.04167,0.11111,0.04348,0.0,0.0,0.0,0.01695,0.02326,0.0
0.02223,0.85606,0.0,0.33333,0.00094,0.0027,4e-05,0.00013,1e-05,1.0,1.0,0.0,0.00143,0.00042,0.00163,0.01244,0.0112,0.0081,0.00173,1.0,0.07561,0.22912,1.0,0.16188,0.22942,0.08679,0.01513,0.0447,0.0,0.0,0.11364,0.16667,0.0,0.0,0.0,0.04348,0.0,0.0,0.0,0.0,0.04651,0.0
0.0147,0.85606,0.58333,0.33333,0.00218,0.01028,8e-05,0.00569,7e-05,0.24409,1.0,0.0,0.10248,0.00146,0.00921,0.00352,0.00197,0.0018,0.01006,1.0,0.23077,0.08939,1.0,0.04108,0.02414,0.03431,0.00619,0.51376,0.0,0.0,0.0,0.16667,0.0,0.0,0.0,0.0,0.0,0.0,0.0,0.0,0.0,0.0
0.0,0.17424,0.0,0.5,0.0001,0.0,1e-05,0.0,0.2,1.0,0.0,0.02934,0.0,0.0,0.0,0.0,0.0,0.0,0.0,0.0,0.0,0.0,0.0,0.0,0.0,0.0,0.03508,0.0,0.0,0.0,0.13636,0.33333,0.12766,0.25,0.66667,0.13043,0.0,0.0,0.0,0.10169,0.13953,0.0
0.0208,0.85606,0.25,0.33333,0.00218,0.00595,8e-05,0.00033,3e-05,0.24409,1.0,0.0,0.00406,0.00146,0.00488,0.00499,0.00492,0.00287,0.02651,1.0,0.1878,0.707,1.0,0.03694,0.01335,0.03386,0.00963,0.05089,0.0,0.0,0.0,0.16667,0.02128,0.0,0.0,0.02174,0.25,0.25,0.0,0.01695,0.0,0.0
0.0,0.90909,0.0,0.5,0.0001,0.0,1e-05,0.0,0.1,1.0,0.0,0.0163,0.0,0.0,0.0,0.0,0.0,0.0,0.0,0.0,0.0,0.0,0.0,0.0,0.0,0.0,0.04195,0.0,0.0,0.0,0.18182,0.33333,0.06383,0.08333,0.22222,0.23913,0.0,0.0,0.0,0.05085,0.18605,0.0
0.00362,0.85606,0.41667,0.33333,0.00094,0.0027,6e-05,0.00072,9e-05,0.24409,1.0,1e-05,0.04886,0.00042,0.00163,0.00202,0.00181,0.00102,0.00913,1.0,0.00378,0.65007,1.0,0.02377,0.04307,0.00937,0.03026,0.24759,0.00581,0.0002,0.0,0.16667,0.0,0.0,0.0,0.0,0.0,0.0,0.25,0.0,0.0,0.0
0.04819,0.85606,0.0,0.33333,0.00218,0.00919,9e-05,0.00536,2e-05,0.24409,1.0,0.0,0.02937,0.00125,0.00813,0.01155,0.00706,0.00612,0.03851,1.0,0.26211,0.44546,1.0,0.14036,0.22434,0.06609,0.011,0.54127,0.0,0.0,0.02273,0.16667,0.0,0.0,0.0,0.0,0.0,0.0,0.0,0.01695,0.02326,0.0
0.0,0.53788,0.0,0.5,0.0,0.0,0.0,0.0,0.0,0.0,0.0,0.0,0.0,0.0,0.0,0.0,0.0,0.0,0.0,0.0,0.0,0.0,0.0,0.0,0.0,0.0,0.01444,0.0,0.0,0.0,0.02273,0.33333,0.02128,0.04167,0.11111,0.02174,0.0,0.0,0.0,0.01695,0.02326,0.0
0.0,0.11364,0.0,0.5,0.0001,0.0,1e-05,0.0,0.1,1.0,0.0,0.0163,0.0,0.0,0.0,0.0,0.0,0.0,0.0,0.0,0.0,0.0,0.0,0.0,0.0,0.0,0.04195,0.0,0.0,0.0,0.13636,0.33333,0.02128,0.04167,0.11111,0.13043,0.0,0.0,0.0,0.37288,0.13953,0.0
0.02488,0.85606,0.75,0.33333,0.00302,0.00595,0.00112,0.00037,3e-05,0.24409,1.0,2e-05,0.00388,0.0025,0.00433,0.00432,0.00573,0.00276,0.00064,1.0,0.25118,0.24394,1.0,0.07856,0.09471,0.04811,0.3088,0.05777,0.0,0.0,0.0,0.16667,0.2766,0.0,0.0,0.0,0.0,0.0,0.0,0.01695,0.0,0.0
0.00872,0.85606,0.41667,0.33333,0.00094,0.00162,0.00011,5e-05,3e-05,1.0,1.0,0.0,0.0014,0.00042,0.00054,0.00466,0.00745,0.00237,0.00087,1.0,0.42748,0.61036,1.0,0.10472,0.15483,0.05383,0.07703,0.03095,0.00581,0.0,0.0,0.16667,0.0,0.0,0.0,0.0,0.0,0.0,0.25,0.0,0.0,0.0
0.0,0.68182,0.0,0.5,0.0001,0.0,1e-05,0.0,0.1,1.0,0.0,0.0163,0.0,0.0,0.0,0.0,0.0,0.0,0.0,0.0,0.0,0.0,0.0,0.0,0.0,0.0,0.04195,0.0,0.0,0.0,0.11364,0.33333,0.02128,0.04167,0.11111,0.1087,0.0,0.0,0.0,0.01695,0.11628,0.0
0.05506,0.73485,0.0,0.0,0.00031,0.00108,6e-05,0.00018,0.0,1.0,0.2381,0.0,0.00065,0.0,0.0,0.09241,0.04104,0.00132,0.00433,0.0,0.0,0.0,0.0,0.0,0.0,0.0,0.11761,0.15131,0.0,0.0,0.0,0.0,0.0,0.0,0.0,0.0,0.0,0.0,0.0,0.0,0.0,0.0
0.0,0.90909,0.0,0.6,0.00061,0.0,6e-05,0.0,0.5,0.99608,0.0,0.0668,0.0,0.0,0.0,0.0,0.0,0.0,0.0,0.0,0.0,0.0,0.0,0.0,0.0,0.0,0.04229,0.0,0.0,0.0,0.03922,0.33333,0.02174,0.05882,0.11111,0.06667,0.0,0.0,0.0,0.02326,0.04651,0.0
0.03983,0.85606,0.0,0.4,0.00672,0.02294,0.00043,0.00138,1e-05,0.99608,1.0,0.0,0.0014,0.00368,0.00926,0.00257,0.01287,0.01116,0.00236,1.0,0.48437,0.19334,1.0,0.31325,0.26468,0.32197,0.0307,0.06002,0.0,0.0,0.05882,0.16667,0.0,0.11765,0.0,0.0,0.0,0.0,0.0,0.04651,0.04651,0.0
0.0,0.90909,0.0,0.6,0.00061,0.0,6e-05,0.0,0.33333,0.99608,0.0,0.04453,0.0,0.0,0.0,0.0,0.0,0.0,0.0,0.0,0.0,0.0,0.0,0.0,0.0,0.0,0.04229,0.0,0.0,0.0,0.05882,0.33333,0.02174,0.05882,0.11111,0.06667,0.0,0.0,0.0,0.02326,0.06977,0.0
0.0,0.90909,0.0,0.6,0.00061,0.0,6e-05,0.0,1.0,0.99608,0.0,0.1336,0.0,0.0,0.0,0.0,0.0,0.0,0.0,0.0,0.0,0.0,0.0,0.0,0.0,0.0,0.04229,0.0,0.0,0.0,0.07843,0.33333,0.02174,0.05882,0.11111,0.08889,0.0,0.0,0.0,0.02326,0.09302,0.0
0.0068,0.85606,0.0,0.4,0.0055,0.01376,0.00028,0.00046,4e-05,0.99608,1.0,0.0,0.00253,0.00245,0.00463,0.00054,0.00369,0.00191,0.00052,1.0,0.09041,0.98931,1.0,0.10432,0.10576,0.08705,0.01978,0.03376,0.0,0.0,0.07843,0.16667,0.0,0.0,0.0,0.08889,0.0,0.0,0.0,0.0,0.09302,0.0
0.0,0.90152,0.0,0.6,0.00061,0.0,1e-05,0.0,0.33333,0.99608,0.0,0.01737,0.0,0.0,0.0,0.0,0.0,0.0,0.0,0.0,0.0,0.0,0.0,0.0,0.0,0.0,0.00068,0.0,0.0,0.0,0.13725,0.33333,0.0,0.11765,0.0,0.06667,0.0,0.0,0.0,0.04651,0.06977,0.0
0.0,0.90152,0.0,0.6,0.00061,0.0,0.00046,0.0,0.25,0.99608,0.0,0.17769,0.0,0.0,0.0,0.0,0.0,0.0,0.0,0.0,0.0,0.0,0.0,0.0,0.0,0.0,0.33697,0.0,0.0,0.0,0.03922,0.33333,0.0,0.0,0.0,0.02222,0.0,0.0,0.0,0.02326,0.02326,0.0
0.0,0.90152,0.0,0.6,0.00061,0.0,2e-05,0.0,0.5,0.99608,0.0,0.03474,0.0,0.0,0.0,0.0,0.0,0.0,0.0,0.0,0.0,0.0,0.0,0.0,0.0,0.0,0.00955,0.0,0.0,0.0,0.03922,0.33333,0.0,0.0,0.0,0.04444,0.0,0.0,0.0,0.0,0.06977,0.0
0.0,0.90909,0.0,0.6,0.00061,0.0,6e-05,0.0,0.2,0.99608,0.0,0.02672,0.0,0.0,0.0,0.0,0.0,0.0,0.0,0.0,0.0,0.0,0.0,0.0,0.0,0.0,0.04229,0.0,0.0,0.0,0.13725,0.33333,0.02174,0.05882,0.11111,0.15556,0.0,0.0,0.0,0.02326,0.16279,0.0
0.01738,0.85606,0.6,0.4,0.00672,0.02752,0.00024,0.00117,2e-05,0.99608,1.0,0.0,0.00277,0.0049,0.01389,0.07207,0.3093,0.55878,0.10555,1.0,0.7092,0.90505,1.0,0.37092,0.28118,0.41815,0.00682,0.04276,0.0,0.0,0.05882,0.16667,0.02174,0.05882,0.11111,0.06667,0.0,0.0,0.0,0.02326,0.06977,0.0
0.02748,0.85606,0.0,0.4,0.00794,0.02294,0.00236,0.00141,1e-05,0.99608,1.0,0.0,0.00207,0.0049,0.00926,0.00148,0.00884,0.00694,0.00162,1.0,0.97492,0.868,1.0,0.2298,0.19864,0.23108,0.2251,0.06152,0.0,0.0,0.03922,0.16667,0.0,0.0,0.0,0.04444,0.0,0.0,0.0,0.02326,0.04651,0.0
0.00984,0.85606,0.0,0.4,0.0055,0.01376,0.0003,0.00046,3e-05,0.99608,1.0,0.0,0.00175,0.00245,0.00463,0.00078,0.00549,0.003,0.00102,1.0,0.73048,0.47223,1.0,0.18373,0.11766,0.23188,0.02183,0.03376,0.0,0.0,0.03922,0.16667,0.0,0.0,0.0,0.02222,0.0,0.0,0.0,0.02326,0.02326,0.0
0.00645,0.85606,0.0,0.4,0.0055,0.01835,0.00035,0.00061,4e-05,0.99608,1.0,0.0,0.0037,0.00245,0.00463,0.00051,0.00243,0.00254,0.00057,1.0,0.89313,0.6751,1.0,0.12622,0.10988,0.12604,0.03001,0.03301,0.0,0.0,0.01961,0.16667,0.02174,0.05882,0.0,0.02222,0.0,0.0,0.0,0.02326,0.02326,0.0
0.0,0.90152,0.0,0.6,0.00061,0.0,0.00051,0.0,0.16667,0.99608,0.0,0.12959,0.0,0.0,0.0,0.0,0.0,0.0,0.0,0.0,0.0,0.0,0.0,0.0,0.0,0.0,0.37108,0.0,0.0,0.0,0.19608,0.33333,0.17391,0.47059,0.0,0.22222,0.0,0.0,0.0,0.18605,0.23256,0.0
0.0,0.57576,0.0,0.6,0.00061,0.0,6e-05,0.0,0.5,0.99608,0.0,0.0668,0.0,0.0,0.0,0.0,0.0,0.0,0.0,0.0,0.0,0.0,0.0,0.0,0.0,0.0,0.04229,0.0,0.0,0.0,0.21569,0.33333,0.06522,0.17647,0.33333,0.35556,0.0,0.0,0.0,0.06977,0.25581,0.0
0.01053,0.85606,0.0,0.4,0.00672,0.01835,0.00045,0.00123,3e-05,0.99608,1.0,0.0,0.00457,0.00368,0.00926,0.00066,0.00424,0.00259,0.00078,1.0,0.08633,0.84734,1.0,0.15984,0.1152,0.18702,0.03274,0.06677,0.0,0.0,0.11765,0.16667,0.0,0.0,0.0,0.02222,0.0,0.0,0.0,0.02326,0.02326,0.0
0.01196,0.85606,0.0,0.4,0.0055,0.01376,0.00114,0.00046,2e-05,0.99608,1.0,0.0,0.00144,0.00245,0.00463,0.00087,0.0064,0.00326,0.00099,1.0,0.80541,0.1265,1.0,0.2232,0.20905,0.20599,0.14598,0.03376,0.0,0.0,0.07843,0.16667,0.0,0.0,0.0,0.08889,0.0,0.0,0.0,0.0,0.09302,0.0
0.01375,0.85606,1.0,0.4,0.0055,0.02294,0.00035,0.00236,2e-05,0.24314,1.0,0.0,0.00693,0.00245,0.00926,0.00109,0.00423,0.0052,0.00062,1.0,0.50016,0.81186,1.0,0.17289,0.13404,0.19149,0.03001,0.10278,1.0,0.02304,0.01961,0.16667,0.0,0.0,0.0,0.02222,0.0,0.0,0.16667,0.02326,0.02326,0.0
0.0,0.90152,0.0,0.6,0.00061,0.0,0.00046,0.0,0.25,0.99608,0.0,0.17769,0.0,0.0,0.0,0.0,0.0,0.0,0.0,0.0,0.0,0.0,0.0,0.0,0.0,0.0,0.33697,0.0,0.0,0.0,0.56863,0.33333,0.28261,0.76471,0.11111,0.64444,0.0,0.0,0.0,0.30233,0.67442,0.0
0.01046,0.85606,0.0,0.4,0.00672,0.01835,0.00043,0.00125,3e-05,0.99608,1.0,0.0,0.00469,0.00368,0.00926,0.00067,0.00368,0.00249,0.0005,1.0,0.23602,0.63802,1.0,0.26648,0.28764,0.20238,0.0307,0.06827,0.0,0.0,0.13725,0.16667,0.02174,0.05882,0.0,0.13333,0.0,0.0,0.0,0.04651,0.13953,0.0
0.0,0.90152,0.16667,0.5,0.00037,0.0,2e-05,0.0,0.11111,1.0,0.0,0.00905,0.0,0.0,0.0,0.0,0.0,0.0,0.0,0.0,0.0,0.0,0.0,0.0,0.0,0.0,0.0135,0.0,0.0,0.0,0.62745,0.33333,0.36,0.32,0.53333,0.64706,0.0,0.0,0.0,0.34,0.62745,0.0
0.0,0.90152,0.16667,0.5,0.00037,0.0,2e-05,0.0,0.14286,1.0,0.0,0.01163,0.0,0.0,0.0,0.0,0.0,0.0,0.0,0.0,0.0,0.0,0.0,0.0,0.0,0.0,0.0135,0.0,0.0,0.0,0.27451,0.33333,0.28,0.28,0.46667,0.27451,0.0,0.0,0.0,0.28,0.27451,0.0
0.0,0.90152,0.16667,0.5,0.00037,0.0,2e-05,0.0,0.16667,1.0,0.0,0.01357,0.0,0.0,0.0,0.0,0.0,0.0,0.0,0.0,0.0,0.0,0.0,0.0,0.0,0.0,0.0135,0.0,0.0,0.0,0.62745,0.33333,0.3,0.28,0.46667,0.62745,0.0,0.0,0.0,0.3,0.62745,0.0
0.0,0.90152,0.16667,0.5,0.00037,0.0,2e-05,0.0,0.25,1.0,0.0,0.02036,0.0,0.0,0.0,0.0,0.0,0.0,0.0,0.0,0.0,0.0,0.0,0.0,0.0,0.0,0.0135,0.0,0.0,0.0,0.80392,0.33333,0.66,0.64,0.53333,0.80392,0.0,0.0,0.0,0.66,0.80392,0.0
0.0,0.90152,0.16667,0.5,0.00037,0.0,2e-05,0.0,0.5,1.0,0.0,0.04071,0.0,0.0,0.0,0.0,0.0,0.0,0.0,0.0,0.0,0.0,0.0,0.0,0.0,0.0,0.0135,0.0,0.0,0.0,0.29412,0.33333,0.3,0.3,0.5,0.29412,0.0,0.0,0.0,0.3,0.29412,0.0
0.0,0.90152,0.16667,0.5,0.00037,0.0,2e-05,0.0,0.11111,1.0,0.0,0.00905,0.0,0.0,0.0,0.0,0.0,0.0,0.0,0.0,0.0,0.0,0.0,0.0,0.0,0.0,0.0135,0.0,0.0,0.0,0.33333,0.33333,0.34,0.34,0.56667,0.33333,0.0,0.0,0.0,0.36,0.33333,0.0
0.0,0.90152,0.16667,0.5,0.00037,0.0,2e-05,0.0,0.14286,1.0,0.0,0.01163,0.0,0.0,0.0,0.0,0.0,0.0,0.0,0.0,0.0,0.0,0.0,0.0,0.0,0.0,0.0135,0.0,0.0,0.0,0.39216,0.33333,0.32,0.3,0.5,0.39216,0.0,0.0,0.0,0.3,0.39216,0.0
0.0,0.90152,0.16667,0.5,0.00037,0.0,2e-05,0.0,0.11111,1.0,0.0,0.00905,0.0,0.0,0.0,0.0,0.0,0.0,0.0,0.0,0.0,0.0,0.0,0.0,0.0,0.0,0.0135,0.0,0.0,0.0,0.64706,0.33333,0.34,0.34,0.56667,0.64706,0.0,0.0,0.0,0.34,0.64706,0.0
0.0,0.90152,0.16667,0.5,0.00037,0.0,2e-05,0.0,0.2,1.0,0.0,0.01629,0.0,0.0,0.0,0.0,0.0,0.0,0.0,0.0,0.0,0.0,0.0,0.0,0.0,0.0,0.0135,0.0,0.0,0.0,0.66667,0.33333,0.64,0.64,0.5,0.66667,0.0,0.0,0.0,0.64,0.66667,0.0
0.0,0.90152,0.16667,0.5,0.00037,0.0,2e-05,0.0,0.125,1.0,0.0,0.01018,0.0,0.0,0.0,0.0,0.0,0.0,0.0,0.0,0.0,0.0,0.0,0.0,0.0,0.0,0.0135,0.0,0.0,0.0,0.80392,0.33333,0.64,0.64,0.5,0.80392,0.0,0.0,0.0,0.64,0.80392,0.0
0.0,0.90152,0.16667,0.5,0.00037,0.0,2e-05,0.0,0.2,1.0,0.0,0.01629,0.0,0.0,0.0,0.0,0.0,0.0,0.0,0.0,0.0,0.0,0.0,0.0,0.0,0.0,0.0135,0.0,0.0,0.0,0.64706,0.33333,0.48,0.48,0.4,0.64706,0.0,0.0,0.0,0.48,0.64706,0.0
0.0,0.90152,0.16667,0.5,0.00037,0.0,2e-05,0.0,0.11111,1.0,0.0,0.00905,0.0,0.0,0.0,0.0,0.0,0.0,0.0,0.0,0.0,0.0,0.0,0.0,0.0,0.0,0.0135,0.0,0.0,0.0,0.58824,0.33333,0.32,0.26,0.43333,0.68627,0.0,0.0,0.0,0.3,0.58824,0.0
0.0,0.90152,0.16667,0.5,0.00037,0.0,2e-05,0.0,1.0,1.0,0.0,0.08143,0.0,0.0,0.0,0.0,0.0,0.0,0.0,0.0,0.0,0.0,0.0,0.0,0.0,0.0,0.0135,0.0,0.0,0.0,0.37255,0.33333,0.38,0.38,0.26667,0.37255,0.0,0.0,0.0,0.4,0.37255,0.0
0.0,0.90152,0.16667,0.5,0.00037,0.0,2e-05,0.0,0.11111,1.0,0.0,0.00905,0.0,0.0,0.0,0.0,0.0,0.0,0.0,0.0,0.0,0.0,0.0,0.0,0.0,0.0,0.0135,0.0,0.0,0.0,0.29412,0.33333,0.3,0.3,0.5,0.29412,0.0,0.0,0.0,0.3,0.29412,0.0
0.0,0.90152,0.16667,0.5,0.00037,0.0,2e-05,0.0,0.11111,1.0,0.0,0.00905,0.0,0.0,0.0,0.0,0.0,0.0,0.0,0.0,0.0,0.0,0.0,0.0,0.0,0.0,0.0135,0.0,0.0,0.0,0.64706,0.33333,0.36,0.34,0.56667,0.66667,0.0,0.0,0.0,0.36,0.64706,0.0
0.02569,0.85606,0.0,0.33333,0.00331,0.00123,0.00012,4e-05,1e-05,1.0,1.0,0.0,0.00079,0.00147,0.00031,0.04537,0.0561,0.05247,0.00427,1.0,0.09412,0.99629,1.0,0.3736,0.34389,0.31032,0.00825,0.03161,0.0,0.0,0.01961,0.16667,0.0,0.0,0.0,0.0,0.0,0.0,0.0,0.0,0.0,0.0
0.0,0.90152,0.16667,0.5,0.00037,0.0,2e-05,0.0,0.11111,1.0,0.0,0.00905,0.0,0.0,0.0,0.0,0.0,0.0,0.0,0.0,0.0,0.0,0.0,0.0,0.0,0.0,0.0135,0.0,0.0,0.0,0.39216,0.33333,0.12,0.12,0.2,0.39216,0.0,0.0,0.0,0.12,0.39216,0.0
0.0,0.90152,0.16667,0.5,0.00037,0.0,2e-05,0.0,0.16667,1.0,0.0,0.01357,0.0,0.0,0.0,0.0,0.0,0.0,0.0,0.0,0.0,0.0,0.0,0.0,0.0,0.0,0.0135,0.0,0.0,0.0,0.31373,0.33333,0.32,0.32,0.53333,0.31373,0.0,0.0,0.0,0.34,0.31373,0.0
0.0,0.90152,0.16667,0.5,0.00037,0.0,2e-05,0.0,0.2,1.0,0.0,0.01629,0.0,0.0,0.0,0.0,0.0,0.0,0.0,0.0,0.0,0.0,0.0,0.0,0.0,0.0,0.0135,0.0,0.0,0.0,0.58824,0.33333,0.58,0.58,0.46667,0.58824,0.0,0.0,0.0,0.58,0.58824,0.0
0.0,0.90152,0.16667,0.5,0.00037,0.0,2e-05,0.0,0.125,1.0,0.0,0.01018,0.0,0.0,0.0,0.0,0.0,0.0,0.0,0.0,0.0,0.0,0.0,0.0,0.0,0.0,0.0135,0.0,0.0,0.0,0.43137,0.33333,0.28,0.28,0.46667,0.43137,0.0,0.0,0.0,0.28,0.43137,0.0
0.01184,0.85606,0.0,0.33333,0.01102,0.00152,0.00203,5e-05,2e-05,1.0,1.0,0.0,0.00229,0.66667,0.00038,0.00887,0.03935,0.03892,0.01751,1.0,0.18035,0.34688,1.0,0.12291,0.0524,0.11487,0.01883,0.0325,0.0,0.0,0.0,0.16667,0.0,0.0,0.0,0.0,0.0,0.0,0.0,0.0,0.0,0.0
0.07665,0.59091,0.0,0.5,0.09914,0.0,0.02088,0.0,2e-05,1.0,0.0,0.0,0.0,0.0,0.0,0.00666,0.0,0.00111,0.0,0.0,0.0,0.0,0.0,0.0,0.0,0.0,0.0272,0.0,0.0,0.0,0.0,0.33333,0.25532,0.0,0.0,0.0,0.0,0.0,0.0,0.0,0.0,0.0
0.0,0.90152,0.0,0.5,0.00122,0.0,0.00043,0.0,1.0,1.0,0.0,0.2625,0.0,0.0,0.0,0.0,0.0,0.0,0.0,0.0,0.0,0.0,0.0,0.0,0.0,0.0,0.04812,0.0,0.0,0.0,0.02564,0.33333,0.04255,0.0,0.0,0.0,0.0,0.0,0.0,0.02273,0.18519,0.0
0.01489,0.85606,0.0,0.33333,0.01102,0.00152,0.00203,5e-05,2e-05,1.0,1.0,0.0,0.00182,0.66667,0.00038,0.0111,0.04734,0.0449,0.01914,1.0,0.00393,0.45494,1.0,0.19354,0.14278,0.11668,0.01883,0.0325,0.0,0.0,0.05128,0.16667,0.0,0.0,0.0,0.0,0.0,0.0,0.0,0.02273,0.0,0.0
0.0035,0.85606,0.5,0.33333,0.01102,0.00114,0.00368,4e-05,7e-05,1.0,1.0,1e-05,0.0056,0.66667,0.00038,0.00274,0.01485,0.00877,0.00879,1.0,0.27351,0.92566,1.0,0.04297,0.03149,0.02613,0.06172,0.03323,1.0,0.0,0.0,0.16667,0.0,0.0,0.0,0.0,0.0,0.0,0.16667,0.0,0.0,0.0
0.0,0.90152,0.0,0.5,0.00122,0.0,0.00043,0.0,0.11111,1.0,0.0,0.02917,0.0,0.0,0.0,0.0,0.0,0.0,0.0,0.0,0.0,0.0,0.0,0.0,0.0,0.0,0.04812,0.0,0.0,0.0,0.0,0.33333,0.0,0.0,0.0,0.0,0.0,0.0,0.0,0.0,0.0,0.0
0.0,0.90152,0.0,0.5,0.00122,0.0,0.00043,0.0,0.1,1.0,0.0,0.02625,0.0,0.0,0.0,0.0,0.0,0.0,0.0,0.0,0.0,0.0,0.0,0.0,0.0,0.0,0.04812,0.0,0.0,0.0,0.02564,0.33333,0.0,0.0,0.0,0.0,0.0,0.0,0.0,0.0,0.0,0.0
0.0,0.90152,0.0,0.5,0.00122,0.0,0.00043,0.0,0.5,1.0,0.0,0.13125,0.0,0.0,0.0,0.0,0.0,0.0,0.0,0.0,0.0,0.0,0.0,0.0,0.0,0.0,0.04812,0.0,0.0,0.0,0.12821,0.33333,0.0,0.0,0.0,0.0,0.0,0.0,0.0,0.02273,0.0,0.0
0.0,0.90909,0.0,0.5,0.00122,0.0,0.00056,0.0,0.11111,1.0,0.0,0.03472,0.0,0.0,0.0,0.0,0.0,0.0,0.0,0.0,0.0,0.0,0.0,0.0,0.0,0.0,0.06485,0.0,0.0,0.0,0.15385,0.33333,0.0,0.0,0.0,0.09375,0.0,0.0,0.0,0.02273,0.22222,0.0
0.01535,0.85606,0.0,0.33333,0.01102,0.00152,0.00203,5e-05,2e-05,1.0,1.0,0.0,0.00177,0.66667,0.00038,0.0116,0.04772,0.04288,0.02139,1.0,0.90568,0.87879,1.0,0.30479,0.18517,0.22602,0.01883,0.0325,0.0,0.0,0.0,0.16667,0.0,0.0,0.0,0.0,0.0,0.0,0.0,0.0,0.0,0.0
0.0046,0.85606,0.5,0.33333,0.01102,0.00114,0.00322,4e-05,5e-05,1.0,1.0,1e-05,0.00426,0.66667,0.00038,0.00328,0.02052,0.00984,0.0101,1.0,0.23254,0.50525,1.0,0.13176,0.04287,0.13733,0.05021,0.03323,1.0,0.0,0.0,0.16667,0.0,0.0,0.0,0.0,0.0,0.0,0.16667,0.0,0.0,0.0
0.03497,0.85606,0.5,0.33333,0.01102,0.00152,0.00319,5e-05,1e-05,1.0,1.0,0.0,0.00078,0.66667,0.00038,0.02689,0.11772,0.12449,0.06255,1.0,0.99001,0.37849,1.0,0.17048,0.09979,0.13044,0.04916,0.0325,1.0,0.0,0.0,0.16667,0.0,0.0,0.0,0.0,0.0,0.0,0.16667,0.0,0.0,0.0
0.0111,0.85606,0.5,0.33333,0.01102,0.00152,0.00315,5e-05,3e-05,1.0,1.0,0.0,0.00244,0.66667,0.00038,0.00868,0.03299,0.02583,0.02155,1.0,0.26716,0.75181,1.0,0.28551,0.18751,0.19674,0.04812,0.0325,1.0,0.17158,0.02564,0.16667,0.02128,0.11111,0.11111,0.01562,0.0,0.0,0.66667,0.47727,0.03704,0.0
0.0,0.90152,0.0,0.5,0.00122,0.0,0.00043,0.0,0.125,1.0,0.0,0.03281,0.0,0.0,0.0,0.0,0.0,0.0,0.0,0.0,0.0,0.0,0.0,0.0,0.0,0.0,0.04812,0.0,0.0,0.0,0.05128,0.33333,0.02128,0.0,0.0,0.0,0.0,0.0,0.0,0.0,0.0,0.0
0.0,0.83333,0.0,0.5,0.0,0.0,0.0,0.0,0.0,0.0,0.0,0.0,0.0,0.0,0.0,0.0,0.0,0.0,0.0,0.0,0.0,0.0,0.0,0.0,0.0,0.0,0.02301,0.0,0.0,0.0,0.07692,0.33333,0.04255,0.22222,0.22222,0.04688,0.0,0.0,0.0,0.04545,0.11111,0.0
0.0,0.90152,0.0,0.5,0.00122,0.0,0.00043,0.0,0.11111,1.0,0.0,0.02917,0.0,0.0,0.0,0.0,0.0,0.0,0.0,0.0,0.0,0.0,0.0,0.0,0.0,0.0,0.04812,0.0,0.0,0.0,0.0,0.33333,0.0,0.0,0.0,0.0,0.0,0.0,0.0,0.02273,0.0,0.0
0.0,0.90152,0.0,0.5,0.00122,0.0,0.00043,0.0,0.11111,1.0,0.0,0.02917,0.0,0.0,0.0,0.0,0.0,0.0,0.0,0.0,0.0,0.0,0.0,0.0,0.0,0.0,0.04812,0.0,0.0,0.0,0.0,0.33333,0.0,0.0,0.0,0.0,0.0,0.0,0.0,0.0,0.0,0.0
0.01483,0.85606,0.0,0.33333,0.01102,0.00152,0.00203,5e-05,2e-05,1.0,1.0,0.0,0.00183,0.66667,0.00038,0.01157,0.04642,0.04355,0.02051,1.0,0.78552,0.5393,1.0,0.19339,0.1675,0.09012,0.01883,0.0325,0.0,0.0,0.0,0.16667,0.02128,0.0,0.0,0.0,0.0,0.0,0.0,0.0,0.18519,0.0
0.0,0.90152,0.0,0.5,0.00122,0.0,0.00043,0.0,0.14286,1.0,0.0,0.0375,0.0,0.0,0.0,0.0,0.0,0.0,0.0,0.0,0.0,0.0,0.0,0.0,0.0,0.0,0.04812,0.0,0.0,0.0,0.0,0.33333,0.0,0.0,0.0,0.0,0.0,0.0,0.0,0.0,0.0,0.0
0.01061,0.85606,0.0,0.33333,0.01102,0.00152,0.00203,5e-05,3e-05,1.0,1.0,0.0,0.00256,0.66667,0.00038,0.00819,0.03609,0.03771,0.0177,1.0,0.76471,0.62998,1.0,0.08519,0.01744,0.09973,0.01883,0.0325,0.0,0.0,0.0,0.16667,0.0,0.0,0.0,0.0,0.0,0.0,0.0,0.0,0.0,0.0
0.06794,0.0,0.0,0.0,1.0,0.75,0.25682,0.75706,2e-05,0.0,1.0,0.0,0.1981,1.0,1.0,0.06499,0.08905,0.05875,0.10122,1.0,0.94373,0.32934,1.0,0.25564,0.24171,0.22734,0.00872,1.0,0.0,0.0,0.0,0.0,0.0,0.0,0.0,0.0,0.0,0.0,0.0,0.0,0.0,0.0
0.01992,0.0,0.0,0.0,1.0,0.75,0.29432,0.75706,6e-05,0.0,1.0,1e-05,0.67581,1.0,1.0,0.01765,0.02532,0.01377,0.02105,1.0,0.15651,0.97945,1.0,0.16255,0.09657,0.20968,0.0189,1.0,0.0,0.0,0.0,0.0,0.0,0.0,0.0,0.0,0.0,0.0,0.0,0.0,0.0,0.0
0.0,1.0,0.0,1.0,0.0,0.0,0.33409,0.0,0.11111,0.0,0.0,0.10305,0.0,0.0,0.0,1e-05,0.0,0.0,0.0,0.0,0.0,0.0,0.0,0.0,0.0,0.0,0.43023,0.0,0.0,0.0,0.0,1.0,0.28889,0.0,0.0,0.0,0.0,0.0,0.0,0.0,0.0,0.0
0.01777,0.0,0.0,0.0,1.0,0.75,0.22727,0.75706,7e-05,0.0,1.0,1e-05,0.75737,1.0,1.0,0.01664,0.02371,0.01395,0.0266,1.0,0.84461,0.02704,1.0,0.12914,0.04961,0.1975,0.00145,1.0,0.0,0.0,0.0,0.0,0.0,0.0,0.0,0.0,0.0,0.0,0.0,0.0,0.0,0.0
0.0,1.0,0.0,1.0,0.0,0.0,0.17273,0.0,0.16667,0.0,0.0,0.09095,0.0,0.0,0.0,0.0,0.0,0.0,0.0,0.0,0.0,0.0,0.0,0.0,0.0,0.0,0.22384,0.0,0.0,0.0,0.0,1.0,0.0,0.0,0.0,0.0,0.0,0.0,0.0,0.0,0.0,0.0
0.0,1.0,0.0,1.0,0.0,0.0,0.07045,0.0,0.11111,0.0,0.0,0.03375,0.0,0.0,0.0,1e-05,0.0,0.0,0.0,0.0,0.0,0.0,0.0,0.0,0.0,0.0,0.09302,0.0,0.0,0.0,0.0,1.0,0.0,0.0,0.0,0.0,0.0,0.0,0.0,0.0,0.0,0.0
0.06432,0.0,0.0,0.0,1.0,0.75,0.34545,0.75706,2e-05,0.0,1.0,0.0,0.20925,1.0,1.0,0.06258,0.08483,0.07179,0.09777,1.0,0.81399,0.22538,1.0,0.2025,0.21157,0.15717,0.03198,1.0,0.0,0.0,0.0,0.0,0.0,0.0,0.0,0.0,0.0,0.0,0.0,0.0,0.0,0.0
0.0,1.0,0.0,1.0,0.0,0.0,0.21818,0.0,0.25,0.0,0.0,0.16331,0.0,0.0,0.0,0.0,0.0,0.0,0.0,0.0,0.0,0.0,0.0,0.0,0.0,0.0,0.28198,0.0,0.0,0.0,0.02857,1.0,0.0,0.0,0.0,0.0,0.0,0.0,0.0,0.0,0.0,0.0
0.0,1.0,0.0,1.0,0.0,0.0,0.125,0.0,0.5,0.0,0.0,0.2164,0.0,0.0,0.0,0.0,0.0,0.0,0.0,0.0,0.0,0.0,0.0,0.0,0.0,0.0,0.16279,0.0,0.0,0.0,0.02857,1.0,0.0,0.0,0.0,0.0,0.0,0.0,0.0,0.0,0.0,0.0
0.01756,0.0,0.0,0.0,1.0,0.75,0.59091,0.75706,7e-05,0.0,1.0,1e-05,0.76664,1.0,1.0,0.01588,0.02376,0.01295,0.02433,1.0,0.16707,0.1135,1.0,0.12342,0.03778,0.19973,0.09448,1.0,0.0,0.0,0.02857,0.0,0.0,0.0,0.0,0.0,0.0,0.0,0.0,0.0,0.0,0.0
0.0,1.0,0.0,1.0,0.0,0.0,0.02273,0.0,0.2,0.0,0.0,0.03817,0.0,0.0,0.0,0.0,0.0,0.0,0.0,0.0,0.0,0.0,0.0,0.0,0.0,0.0,0.03198,0.0,0.0,0.0,0.02857,1.0,0.0,0.0,0.0,0.02222,0.0,0.0,0.0,0.0,0.02857,0.0
0.0,1.0,0.0,1.0,0.0,0.0,0.13295,0.0,0.11111,0.0,0.0,0.05018,0.0,0.0,0.0,1e-05,0.0,0.0,0.0,0.0,0.0,0.0,0.0,0.0,0.0,0.0,0.17297,0.0,0.0,0.0,0.0,1.0,0.0,0.0,0.0,0.0,0.0,0.0,0.0,0.0,0.0,0.0
0.0279,0.0,0.0,0.0,1.0,0.75,0.30114,0.75706,4e-05,0.0,1.0,0.0,0.48236,1.0,1.0,0.02674,0.03521,0.02174,0.03607,1.0,0.93274,0.92401,1.0,0.30809,0.14378,0.44217,0.02035,1.0,0.0,0.0,0.11429,0.0,0.0,0.0,0.0,0.0,0.0,0.0,0.0,0.31818,0.0,0.0
0.0,1.0,0.0,1.0,0.0,0.0,0.22614,0.0,0.11111,0.0,0.0,0.07467,0.0,0.0,0.0,1e-05,0.0,0.0,0.0,0.0,0.0,0.0,0.0,0.0,0.0,0.0,0.29215,0.0,0.0,0.0,0.02857,1.0,0.0,0.0,0.0,0.0,0.0,0.0,0.0,0.0,0.0,0.0
0.02388,0.0,0.0,0.0,1.0,0.75,0.98523,0.75706,5e-05,0.0,1.0,1e-05,0.56367,1.0,1.0,0.02221,0.02771,0.01782,0.0256,1.0,0.66331,0.68991,1.0,0.21898,0.20248,0.19995,0.19622,1.0,0.0,0.0,0.11429,0.0,0.0,0.0,0.0,0.02222,0.0,0.0,0.0,0.02273,0.02857,0.0
0.0,1.0,0.0,1.0,0.0,0.0,0.13295,0.0,0.11111,0.0,0.0,0.05018,0.0,0.0,0.0,1e-05,0.0,0.0,0.0,0.0,0.0,0.0,0.0,0.0,0.0,0.0,0.17297,0.0,0.0,0.0,0.0,1.0,0.0,0.0,0.0,0.0,0.0,0.0,0.0,0.0,0.0,0.0
0.0,1.0,0.0,1.0,0.0,0.0,0.03523,0.0,0.125,0.0,0.0,0.02755,0.0,0.0,0.0,1e-05,0.0,0.0,0.0,0.0,0.0,0.0,0.0,0.0,0.0,0.0,0.04797,0.0,0.0,0.0,0.0,1.0,0.0,0.0,0.0,0.0,0.0,0.0,0.0,0.0,0.0,0.0
0.0,1.0,0.0,1.0,0.0,0.0,0.22841,0.0,0.25,0.0,0.0,0.16935,0.0,0.0,0.0,0.0,0.0,0.0,0.0,0.0,0.0,0.0,0.0,0.0,0.0,0.0,0.29506,0.0,0.0,0.0,0.0,1.0,0.02222,0.0,0.0,0.0,0.0,0.0,0.0,0.0,0.05714,0.0
0.03775,0.0,0.0,0.0,1.0,0.75,0.26477,0.75706,3e-05,0.0,1.0,0.0,0.35656,1.0,1.0,0.03362,0.04334,0.02827,0.04124,1.0,0.10106,0.25529,1.0,0.37474,0.33531,0.35492,0.01163,1.0,0.0,0.0,0.11429,0.0,0.0,0.0,0.0,0.08889,0.0,0.0,0.0,0.0,0.11429,0.0
0.1054,0.0,0.0,0.0,1.0,1.0,0.30795,1.0,1e-05,0.0,1.0,0.0,0.17673,1.0,1.0,0.10537,0.10141,0.0966,0.09433,1.0,0.0236,0.77483,1.0,0.34776,0.24949,0.3997,0.0218,0.97778,0.0,0.0,0.0,0.0,0.0,0.0,0.0,0.0,0.0,0.0,0.0,0.0,0.0,0.0
0.0,1.0,0.0,1.0,0.0,0.0,0.02498,0.0,0.2,1.0,0.0,0.5,0.0,0.0,0.0,0.0,0.0,0.0,0.0,0.0,0.0,0.0,0.0,0.0,0.0,0.0,0.85664,0.0,0.0,0.0,0.2,1.0,0.0,0.0,0.0,0.0,0.0,0.0,0.0,0.0,0.0,0.0
0.0,1.0,0.0,1.0,0.0,0.0,0.02498,0.0,0.4,1.0,0.0,1.0,0.0,0.0,0.0,0.0,0.0,0.0,0.0,0.0,0.0,0.0,0.0,0.0,0.0,0.0,0.85664,0.0,0.0,0.0,0.0,1.0,0.03846,0.0,0.0,0.14286,0.0,0.0,0.0,0.02778,0.0,0.0
0.16014,0.0,1.0,0.66667,0.31579,0.29226,0.02434,0.28811,0.00019,1.0,1.0,0.0,0.70002,0.06667,0.28818,0.03895,0.00531,0.02807,0.38629,1.0,1.0,0.09796,1.0,0.23608,0.19707,0.21981,0.00699,0.95004,1.0,0.28755,0.0,0.5,1.0,0.0,0.0,0.0,0.0,0.0,0.25,0.0,0.16667,0.0
0.0,1.0,0.0,1.0,0.0,0.0,0.02498,0.0,0.33333,1.0,0.0,0.83333,0.0,0.0,0.0,0.0,0.0,0.0,0.0,0.0,0.0,0.0,0.0,0.0,0.0,0.0,0.85664,0.0,0.0,0.0,0.0,1.0,0.03846,0.0,0.0,0.0,0.0,0.0,0.0,0.0,0.0,0.0
0.01992,0.0,1.0,0.66667,0.07018,0.0086,0.01551,0.00029,9e-05,1.0,1.0,2e-05,0.0048,0.06667,0.00288,0.01987,0.02308,0.01548,0.0198,1.0,0.80103,0.49401,1.0,0.33831,0.37211,0.26955,0.07517,0.03306,1.0,0.0,0.0,0.5,0.0,0.0,0.0,0.0,0.0,0.0,0.25,0.0,0.0,0.0
0.0,1.0,0.0,1.0,0.0,0.0,0.00913,0.0,0.2,1.0,0.0,0.19707,0.0,0.0,0.0,0.0,0.0,0.0,0.0,0.0,0.0,0.0,0.0,0.0,0.0,0.0,0.31381,0.0,0.0,0.0,0.0,1.0,0.0,0.0,0.0,0.0,0.0,0.0,0.0,0.0,0.16667,0.0
0.01684,0.0,1.0,0.66667,0.07018,0.0086,0.01186,0.00029,0.00011,1.0,1.0,2e-05,0.00568,0.06667,0.00288,0.01677,0.02095,0.01256,0.02232,1.0,0.88353,0.55673,1.0,0.16506,0.2064,0.11892,0.04983,0.03306,1.0,0.0,0.0,0.5,0.0,0.0,0.0,0.0,0.0,0.0,0.25,0.0,0.0,0.0
0.04333,0.0,1.0,0.66667,0.07018,0.0086,0.01544,0.00029,4e-05,1.0,1.0,1e-05,0.00221,0.06667,0.00288,0.03985,0.05508,0.03461,0.05344,1.0,0.99323,0.56555,1.0,0.37181,0.44483,0.27806,0.0743,0.03306,1.0,0.0,0.0,0.5,0.0,0.0,0.0,0.0,0.0,0.0,0.25,0.08333,0.0,0.0
0.07815,0.0,1.0,0.66667,0.07018,0.01433,0.00852,0.00137,3e-05,0.0,1.0,0.0,0.00616,0.06667,0.00576,0.07815,0.05875,0.0668,0.07742,1.0,0.5116,0.03772,1.0,0.26951,0.31604,0.2048,0.0271,0.09184,1.0,0.00041,0.0,0.5,0.0,0.0,0.0,0.14286,0.0,0.0,0.25,0.44444,0.0,0.0
0.05575,0.0,1.0,0.66667,0.07018,0.0086,0.01551,0.00029,3e-05,1.0,1.0,1e-05,0.00172,0.06667,0.00288,0.05442,0.06823,0.04666,0.07366,1.0,0.75406,0.21067,1.0,0.50942,0.77056,0.29934,0.07517,0.03306,1.0,0.0,0.0,0.5,0.0,0.0,0.0,0.0,0.0,0.0,0.25,0.0,0.0,0.0
0.02167,0.0,1.0,0.66667,0.10526,0.0086,0.10958,0.00029,0.00011,1.0,1.0,0.00011,0.00442,0.13333,0.00288,0.01302,0.02555,0.01227,0.02062,1.0,0.63833,0.19522,1.0,0.33676,0.37148,0.26777,0.50262,0.03306,1.0,0.0,0.0,0.5,0.07692,0.0,0.0,0.0,0.0,0.0,0.25,0.0,0.0,0.0
0.02176,0.0,1.0,0.66667,0.07018,0.0086,0.01186,0.00029,8e-05,1.0,1.0,1e-05,0.0044,0.06667,0.00288,0.02176,0.02338,0.01705,0.02671,1.0,0.98037,0.93964,1.0,0.30573,0.42369,0.19929,0.04983,0.03306,1.0,0.0,0.2,0.5,0.0,0.0,0.0,0.0,0.0,0.0,0.25,0.0,0.0,0.0
0.01419,0.0,1.0,0.66667,0.07018,0.0086,0.01544,0.00029,0.00013,1.0,1.0,3e-05,0.00674,0.06667,0.00288,0.0125,0.01878,0.0096,0.01799,1.0,0.23398,0.5442,1.0,0.16378,0.09017,0.17609,0.0743,0.03306,1.0,0.0,0.0,0.5,0.0,0.0,0.0,0.0,0.0,0.0,0.25,0.0,0.0,0.0
0.06367,0.0,1.0,0.66667,0.07018,0.01146,0.01549,0.00039,3e-05,1.0,1.0,1e-05,0.00208,0.06667,0.00288,0.06041,0.05898,0.0558,0.05106,1.0,0.78628,0.71072,1.0,0.32435,0.53105,0.1701,0.07517,0.03233,0.0,0.0,0.0,0.5,0.0,0.0,0.0,0.0,0.0,0.0,0.0,0.08333,0.0,0.0
0.01418,0.0,1.0,0.66667,0.07018,0.0086,0.01186,0.00029,0.00013,1.0,1.0,2e-05,0.00675,0.06667,0.00288,0.01255,0.01779,0.00951,0.01586,1.0,0.04161,0.01931,1.0,0.1886,0.16289,0.17284,0.04983,0.03306,1.0,0.0,0.0,0.5,0.0,0.0,0.0,0.0,0.0,0.0,0.25,0.0,0.0,0.0
0.02721,0.0,1.0,0.66667,0.07018,0.0086,0.01549,0.00029,7e-05,1.0,1.0,1e-05,0.00352,0.06667,0.00288,0.02715,0.0297,0.02015,0.02351,1.0,0.94973,0.45788,1.0,0.35058,0.64549,0.14763,0.07517,0.03306,1.0,0.0,0.0,0.5,0.0,0.0,0.0,0.0,0.0,0.0,0.25,0.0,0.0,0.0
0.02187,0.0,1.0,0.66667,0.07018,0.0086,0.01536,0.00029,8e-05,1.0,1.0,2e-05,0.00438,0.06667,0.00288,0.02186,0.02676,0.0175,0.02199,1.0,0.66136,0.04035,1.0,0.38509,0.60016,0.21733,0.0743,0.03306,1.0,0.0,0.0,0.5,0.0,0.0,0.0,0.0,0.0,0.0,0.25,0.0,0.0,0.0
0.16704,0.0,1.0,0.66667,0.31579,0.29226,0.02437,0.28811,0.00018,1.0,1.0,0.0,0.67111,0.06667,0.28818,0.04063,0.00554,0.03166,0.53204,1.0,0.29302,0.20736,1.0,0.36697,0.54519,0.22065,0.00699,0.95004,1.0,0.28755,0.6,0.5,0.0,0.0,0.0,0.0,0.0,0.0,0.25,0.0,0.0,0.0
0.48502,0.0,1.0,0.66667,0.96491,0.99427,0.06355,0.99979,0.00021,1.0,1.0,0.0,0.80484,0.06667,0.99424,0.03932,0.00486,0.02833,0.38159,1.0,0.90849,0.81886,1.0,0.55514,0.79537,0.34868,0.0,0.96914,1.0,1.0,0.0,0.5,0.0,0.0,0.0,0.0,0.0,0.0,0.25,0.0,0.0,0.0
0.15663,0.0,1.0,0.66667,0.07018,0.01146,0.01505,0.00039,1e-05,0.0,1.0,0.0,0.00085,0.06667,0.00288,0.15147,0.15122,0.14015,0.16717,1.0,0.92528,0.89524,1.0,0.47385,0.66219,0.3061,0.07168,0.03233,1.0,0.0,0.2,0.5,0.03846,0.0,0.0,0.14286,0.0,0.0,0.25,0.02778,0.0,0.0
