center_0,center_1,center_2,center_3,center_4,center_5,center_6,center_7,center_8,center_9,center_10,center_11,center_12,center_13,center_14,center_15,center_16,center_17,center_18,center_19,center_20,center_21,center_22,center_23,center_24,center_25,center_26,center_27,center_28,center_29,center_30,center_31,center_32,center_33,center_34,center_35,center_36,center_37,center_38,center_39,center_40,radius
0.936687379931486,0.27666708961013986,0.11707445034238151,0.789240001836795,0.9617384874255117,0.0051643632662465855,0.8092355398150156,0.33449145323370677,0.1171375744788471,0.3327265773049838,0.8890218636779625,0.15140778250613895,0.42475341135699873,0.30346666618043416,0.1504898510578253,0.4388670311457963,0.8598773765546135,0.15908277322688824,0.1796779180252155,0.1509715749933428,0.2855079927378834,0.9484497643864004,0.11072640174356674,0.8523680217420739,0.24110455417011445,0.6113670995429697,0.14774741237185485,0.49962250577993494,0.23621318377718337,0.025613148921411866,0.27260338052262323,0.10708561528063332,0.41890601016910145,0.045385014360413645,0.8639982910008303,0.8600647613765628,0.9670364689282649,0.760444121765721,0.7799092696162713,0.0037805197904089427,0.23242617976454838,2.4230029038502088
0.5614543233769462,0.8156398414411706,0.9365006394684791,0.27241914490803554,0.8565021259032308,0.816635281988529,0.7166685727359989,0.827501346247905,0.2416614571381105,0.8180004154173961,0.48550668482176473,0.6377075435460748,0.987078891743123,0.7336674011792641,0.5075548947823675,0.9834720528310187,0.5136064016819607,0.580071330359339,0.1796093742649214,0.27670138053423077,0.49657028850806617,0.9051473017192053,0.6572610441237122,0.06288995789626828,0.06116375151578768,0.8802448904516533,0.935051397216441,0.6100523873866444,0.5307376607826791,0.011775993843233912,0.6112359637820753,0.29222795187312756,0.8949594413219681,0.15449521981936643,0.15197753813115644,0.5511395031370189,0.4354525369632569,0.5751486624416198,0.5632031726250045,0.13622740398072797,0.06306453996015426,2.696220249946504
0.060019394735898346,0.3280442289975678,0.08044814078360751,0.2488867374065854,0.2852625547865788,0.5007817179125432,0.009648597750810284,0.6422587863066639,0.514794356596397,0.9443552778183879,0.10174983227538081,0.20911901723683946,0.12570386345047657,0.7805216180757627,0.3008915802284817,0.9299524830601015,0.36212953018108496,0.7624973679716663,0.3720841316885771,0.7165737866978634,0.15476156956850806,0.15257385749412766,0.4859394570041434,0.902184926381677,0.7163230856050251,0.089402745404489,0.9312664253911609,0.045265382870008586,0.6237006922163288,0.13895198780709672,0.1405736264654025,0.5585971747870943,0.3989560280829605,0.905964225729969,0.5139036173613291,0.0660072089561754,0.7548230889309715,0.10032340539885742,0.8763518098369095,0.5214584435290364,0.5164252675879875,2.257880048754441
0.8727501748449245,0.38858161077390885,0.3623876445966623,0.4589610353912882,0.574531692575137,0.7096342397881946,0.3201372945456288,0.25532502289915715,0.9909787022968599,0.43563510388074367,0.7298764527441388,0.7543837639054557,0.7849509688109519,0.8724157139649905,0.03819794326664283,0.3577062513768574,0.8995303703581274,0.89117126026673,0.0332548402237286,0.6079652959366645,0.8856641364071263,0.7994988695393667,0.6902318555796688,0.45458420864630456,0.8704035261674576,0.22055148379898926,0.7204158561385567,0.912057048899041,0.011481429002982768,0.3411995307647,0.3480773283136265,0.7208736439010847,0.42787345759795137,0.8797781829935205,0.9763388632709523,0.639093578502024,0.8721243137041896,0.8299679638404975,0.8989385434357265,0.7390542480612361,0.23742684813448767,3.0914337034364636
0.42490832253476396,0.10512671326208622,0.24385856497212877,0.9942487850277899,0.43458641450633395,0.9150276042092175,0.2651292888426722,0.7330350241195672,0.35525713475305,0.2165064301408055,0.9548831587918113,0.6845820680360579,0.9074818238868904,0.7385328004626037,0.524113306160028,0.5518630438157321,0.6952783779954393,0.5151460344907579,0.9671149761605637,0.7969928456541223,0.24257780748837598,0.2386940730587881,0.8119044704038638,0.6504180310443655,0.05589901184345958,0.5479361575930773,0.043481781479198456,0.05747028095936857,0.8175223895388565,0.9055281916745166,0.2761747727174051,0.43931214276494834,0.55501478738033,0.3574794379771812,0.044626186005127355,0.5186215720440283,0.20602360961643695,0.02760068955057382,0.2917079018360548,0.06254341685208487,0.3882904781008879,2.244806963459308
0.22890335373687454,0.8162558388337264,0.14429120128634243,0.16470606774246177,0.6514170851589907,0.616620008226789,0.5845199150354479,0.9583054572903486,0.15859155017662863,0.9505598131805354,0.933558048557434,0.38864564842400473,0.10184774835889743,0.5259341585017485,0.8235255824589346,0.8468469344034212,0.4817588041787697,0.965378818815098,0.8636709581611554,0.22392511162123163,0.040640430729583565,0.4967523569501634,0.8965672139381394,0.8179749637762936,0.6605937753996324,0.9629366410351264,0.12566418480792096,0.4390429055143047,0.4877197580647422,0.6610165591505813,0.17553793153848785,0.08477281247267421,0.22382067761935298,0.617972169603362,0.022131530672651167,0.7036274666702037,0.1591047248840931,0.8822219004576587,0.15609553775252172,0.35246255894747014,0.9985977239402442,2.834612379234418
0.19293653573073577,0.8090330363585523,0.8444979421892069,0.656762336081816,0.3623709862258896,0.12313551181777938,0.2537415792659289,0.9082041949374247,0.5514932398078777,0.08337761208894179,0.13398754009949077,0.4051090203580606,0.2676801162292787,0.6175469353781059,0.7775377532751071,0.21423840963015617,0.03727876865079294,0.15384400244971674,0.7216242776288296,0.9085955373988469,0.20913461820763224,0.025074725463409497,0.6910111899408221,0.0424134415263856,0.06277574547612796,0.11543301625670721,0.031070077408190122,0.07139127015304392,0.7417387761760965,0.3251701743083849,0.4658856586518486,0.9967361626621128,0.5096262438138537,0.15771777811380427,0.6801655119234582,0.1583729872991455,0.0897906231083827,0.24116580222885386,0.38023247499026847,0.6638497246435745,0.6448942240222615,1.640794050137159
0.06878947669278368,0.42981754650392257,0.05682307115304097,0.0992629383587108,0.06303529012207243,0.328827258659948,0.6236076342821566,0.022179761019471278,0.11908860361739848,0.36472160213494664,0.17183811758561374,0.41455482601574745,0.10739841474027634,0.9454676075359726,0.39588751677149736,0.9762464881016049,0.05620047446774734,0.22983494343015054,0.10966987885657575,0.8624759221644159,0.4779071905682972,0.7331923201239091,0.4077845490499964,0.6285635073043492,0.2747155232013422,0.956549635330666,0.705512324497901,0.7942670024265788,0.5768147458154701,0.09176083823209935,0.3618213675961759,0.4681848547761577,0.939643710397772,0.5358886934517887,0.860032129878917,0.04677661870419092,0.05902554795368886,0.1940212593998356,0.3657393688858186,0.033238523320972546,0.9976725742905178,2.2363157961828675
0.13588386704565314,0.04545152716362322,0.25558806604082307,0.8338187718120655,0.040854410818182196,0.7573513193287165,0.786076951793663,0.8371216333574241,0.8812793521968033,0.19284174893300188,0.23771052721244346,0.0031974333195576854,0.9038425228477907,0.15450602753067944,0.6456133803297566,0.7875724124081295,0.45763832175579344,0.027679590835868684,0.813534244069598,0.2744403731893067,0.2687662198425349,0.08356893888495154,0.7871439304087687,0.8510867092633226,0.42358550213966106,0.8729707975360494,0.3687971754164757,0.16783509738230307,0.8631271364641252,0.5109153838305548,0.11800361133369108,0.24387501409836287,0.09718187301841585,0.06275162155579428,0.641271763661642,0.2871188079340786,0.9549484186666779,0.08138902545340865,0.14108934036462772,0.6821645876956189,0.2716272913728339,2.391368095715202
0.4398349738004905,0.4642709593679728,0.5072089878298846,0.6067710153508861,0.5529338154873709,0.4740878185762639,0.22834471220077823,0.08964345937564933,0.5915440898144034,0.014979676481074455,0.7324926761877243,0.46219993741207965,0.18941102514489017,0.12789519682628503,0.9152728104164182,0.23187112160706935,0.4886713937713534,0.12130566952676447,0.03353300965956596,0.01603325024830138,0.44783063584893257,0.6388366308318872,0.3124365676381884,0.7922313352698227,0.2805008482555412,0.02531557721477562,0.34775176310247413,0.9994500647717491,0.7436285623176214,0.3029349722072724,0.9373712378636363,0.023709290094664714,0.0428207852806719,0.0797773470580444,0.02863369540548444,0.08823339116986373,0.9053751247366787,0.048693289341363966,0.10906247825983817,0.21749919868833523,0.9030698947830665,1.909989840704625
0.6462846370262996,0.2697161161651227,0.2685332694349225,0.29054928396172863,0.5485510305906581,0.4280973908168575,0.8092879350263431,0.2796708685978039,0.4595402081330574,0.6464439298296623,0.17884598291840037,0.49601721517855357,0.030851886272853513,0.4812019211341849,0.45254309176480934,0.11074481110729417,0.1136670368767777,0.5742687895700814,0.8781642067283437,0.9230374657089947,0.15116568208325665,0.559589684555027,0.8739649596057846,0.29653879567299823,0.9937191116371288,0.21672021094936034,0.12848358525480352,0.017854800978950536,0.8544813734687873,0.5397269957807102,0.7522394685265305,0.23566888597407265,0.6268744878258637,0.0794617901350736,0.9606901786876512,0.05987451361866536,0.03120325788041567,0.03625526644924071,0.7518504509721952,0.0057334316957313725,0.5415658818739606,2.221122063860881
0.8980562224304472,0.9860733441591556,0.05966500049496848,0.1635849204990123,0.23213220014514935,0.6870648241304107,0.8618766247628648,0.5604100550795191,0.1638180878037303,0.12369648721894655,0.21830050472311813,0.011203876961096926,0.7250306673074586,0.35167985568089577,0.7949631093303348,0.3495938830873151,0.11253722563092705,0.08619989565003017,0.9141003826627956,0.06662823532527484,0.9960028199210934,0.39314702022223935,0.8118716566352517,0.21114664792518212,0.9696076499463154,0.17341367589121015,0.9206418857629656,0.8919906092052716,0.6688137362313032,0.992568254913992,0.9036015844143909,0.6470018855275841,0.8133821115239361,0.16385398349289737,0.07224920966109727,0.0679058601593534,0.5052707526858078,0.44643162299489914,0.5058135992308748,0.9117267198489496,0.206129915898022,2.712060136685746
0.8667214701829848,0.5167844502714166,0.9688967933371473,0.767095763056214,0.035489707339966925,0.3705476992735255,0.07973254707759592,0.1930721668938119,0.35903052352786435,0.03906718434539336,0.9031859239374823,0.9921064498821469,0.3306808611429237,0.6152034496570149,0.9011960219396442,0.7345766142057003,0.4796121161097393,0.15022168653069534,0.2626943905060196,0.3192256838603077,0.10021901052159365,0.008632967443445327,0.09048394094215029,0.646303365335472,0.08681943906031642,0.5653962120384429,0.41266563355427033,0.566542155778182,0.8175378257751102,0.48012028621150604,0.48005930435555577,0.6627834586505641,0.4677498007890044,0.028859496881756375,0.16304635360969955,0.10682316527956659,0.003389445455507678,0.3949034581459582,0.8746695728728338,0.513508280791178,0.5783900680162755,1.8256151095064692
0.97012806369684,0.1474260941658232,0.9403500039738251,0.18520025072488444,0.9525687402795033,0.30068985493923694,0.1161594309224595,0.631264327209927,0.48749764363023096,0.6702838081191084,0.7804452907051891,0.1960971555383737,0.3541711910781804,0.5933443472869409,0.908322419482482,0.49080906947607605,0.0982388438337718,0.02349209278891562,0.0022132523386587666,0.8844481630109324,0.683965440890399,0.14041362966527027,0.658965228363321,0.2170001881371818,0.6978190461959317,0.9626493972839383,0.7474102670849911,0.19798689645094303,0.7851090265011091,0.7401108615714138,0.5633589918128028,0.06415388178407189,0.39819985627868126,0.7112379564135591,0.005502403135419609,0.11863363195740162,0.08730867764145578,0.11249203335210356,0.9372008649939317,0.709550396782962,0.7318197474739632,2.6464189173439325
0.031116379906532154,0.9009574108915994,0.6393506269200456,0.9933164280592669,0.6703943807706477,0.8492938014069317,0.6084807559562275,0.890914104519491,0.20541356876695982,0.14787999104948468,0.2302013974090381,0.9017466756289372,0.257558583096109,0.19372821587892552,0.07804156194841172,0.15310307209107898,0.25606206308490387,0.4734572314404729,0.8764933926999128,0.16532229717727298,0.734612635708907,0.010345989254267884,0.011437954311996679,0.8700442914401256,0.5480914194576018,0.17425736298825922,0.8520400752262326,0.049593049268734535,0.7438534487265582,0.39627461705531775,0.5962471181413647,0.06516513511247646,0.8043623746606011,0.433544995349626,0.5660875751876862,0.5050041309332847,0.7074893881508054,0.16561176823275559,0.3883474242255057,0.9222573198583703,0.34814649761678573,2.008946452642167
0.1313357208846695,0.044276722127045365,0.3423811868751768,0.054145132252940265,0.03745492638077608,0.8521690245709688,0.9762939346674311,0.7146234302302727,0.5314812940178167,0.8361774749394407,0.2280620739147804,0.8354264901976368,0.19339338280786678,0.13652925511573877,0.14699435044611975,0.8799462220258577,0.0008324908797258113,0.5065786410193627,0.9568109818410125,0.26842734076177777,0.7617758803611671,0.3985327176407939,0.1927053175556731,0.23686986073901561,0.7406293469551767,0.7225616220442324,0.5828682599157615,0.4152970062069836,0.1438619893230143,0.8755780761934657,0.02248277772293361,0.8499184690090622,0.5142233843444659,0.3271084663881395,0.026824672075434375,0.19946913656006837,0.033620111788240314,0.08765266011382888,0.808734882989708,0.10811814661084762,0.03955240786443437,2.4240864882730335
0.012006636627186928,0.4235315412399231,0.9326847182786503,0.8953054954622283,0.257508235786034,0.9803275350417862,0.8576428461594113,0.6588942279989848,0.5851119190311727,0.4898722474862818,0.08948492777150541,0.15033020332174873,0.18143954049665423,0.01414499759853527,0.44485912916795856,0.5358523148253673,0.6386659614696918,0.4966307400710047,0.1880561912511095,0.8038732643303943,0.3863255198312936,0.04718575123099078,0.20992840398039003,0.10352926071203972,0.08772972469522722,0.7689941823459683,0.09058966317776596,0.07517308589638672,0.13364461789753024,0.7494263347954363,0.7464675676468565,0.9158222469800065,0.31046135097517435,0.714561755869841,0.55008042640839,0.6750728323605332,0.5719160291518895,0.030399793217880222,0.6141075724730545,0.24964603869324853,0.8165861274120612,2.149982716601846
0.09508848634727451,0.0082464504545946,0.7958462901991773,0.8968654920010135,0.6318793449013005,0.0085868091683875,0.6127305743059925,0.11494038781850513,0.5707817564613422,0.8699256820435831,0.008480822527117238,0.07857103884586913,0.974848564111674,0.19556016806183174,0.9878140069652104,0.48364829062211745,0.014921358723686717,0.7955183097458748,0.7944724366495889,0.01744936209662651,0.10419681533055103,0.6351519322702475,0.28481109343578515,0.09861491450207205,0.8109590250550796,0.08173295957930005,0.9394544473310201,0.13562422859942225,0.20514872319925703,0.6950453987535382,0.618626113630538,0.324479623135168,0.36252364932526815,0.5885297495064181,0.27123073556460875,0.9422092027176512,0.9820457816235657,0.23701407701644317,0.9880159151246058,0.2179448457322246,0.5434411410606647,2.562163298457098
0.9019526107815247,0.9122402552107106,0.8755296441693738,0.2963350415826972,0.12462150932760818,0.4941496839368076,0.8011970256655884,0.6982162219579869,0.1046083514484395,0.4704475040640226,0.07015744464304585,0.7421007312440374,0.530099955621153,0.5776104003473495,0.7716528416992282,0.020037081316631844,0.37514031185259733,0.1092229689959886,0.543194374288121,0.05284601032984304,0.10992571922863781,0.28303577410174774,0.7465375456453839,0.8551988887907993,0.3838324300417916,0.8301554612942357,0.09446697281927685,0.040035669071123436,0.04986056471635436,0.16774577464339002,0.19547546682555128,0.26192439071151163,0.0508205736178059,0.6821177334013966,0.9250284162980921,0.0008922320727008382,0.00751764484403783,0.29308258921780583,0.6772501667781646,0.022229689809557307,0.0230558988207914,2.127261800746338
0.32456287934873784,0.378281703987668,0.5233034439252658,0.34651047485172026,0.9203892742926144,0.38423071206270154,0.8505356957437352,0.025728927205081686,0.7782546963046769,0.10965709288239778,0.18928435538762034,0.8238514865952786,0.7348701917271424,0.6503956099470689,0.3551251057897705,0.9714950583375558,0.0694210120284603,0.4727253026557572,0.9996944787677863,0.9788697722088464,0.32620705501238834,0.3256517940648851,0.2986599702777313,0.3292501293838912,0.07194738434529468,0.23454766781743552,0.5101592889000395,0.03457105843229569,0.5892576784828918,0.02213167392366089,0.9967674503529584,0.9942397543854692,0.032302653225283695,0.07902233835602113,0.18085995151932444,0.9671647276151679,0.641335765754608,0.13588918066294053,0.012820514970739105,0.9487599926903724,0.06346442634913163,2.1888994327425055
0.022175157155542302,0.2338611565455928,0.9296324774119509,0.7931440401476295,0.4826741766029746,0.18976891205237267,0.678637769818717,0.8110049780205473,0.8595625283783671,0.0285061021039269,0.7585641765209616,0.7788439702429016,0.29604235622945496,0.32905780175953847,0.8052582550596119,0.6507875852397352,0.4205368256058267,0.874528647017831,0.398805772990828,0.11387859481374829,0.9724476800562932,0.02205934378215768,0.3873234523137662,0.17098513525728043,0.8032190228622516,0.6679989040951899,0.45528807944336225,0.10669877605556066,0.980428147161581,0.6603357760532125,0.8886168309954662,0.9820619763062219,0.20691360884785104,0.1130923027556765,0.16765233654472267,0.6512316143965381,0.5586762710924905,0.04902765245551044,0.010239715558150952,0.8696906926010937,0.7923128433210281,2.267702789922504
0.12051859464027925,0.29995357434076986,0.5491993849960373,0.36282527748554894,0.13802362944119395,0.893424429582298,0.29880767183110923,0.3697347681777775,0.6997356593352588,0.016928764765754112,0.2848679233496051,0.5504209863025128,0.028895237590117695,0.39379305604453907,0.9204116966293083,0.4793128862637539,0.46897386053514656,0.15227567730042846,0.2630942590207872,0.6948363815505908,0.240084606807346,0.022945064101002055,0.4521587882536614,0.2077332146970643,0.014340257244532695,0.7010918603820867,0.8120925698930964,0.9034424454854729,0.9685688890675702,0.9721139618365461,0.8021024015068312,0.4005129166312592,0.031442525822191425,0.033737721512036245,0.9337116008248092,0.3006094406718334,0.2572404877575357,0.9217558180491372,0.36862171428447965,0.018924761193053086,0.6448730532163743,2.1926365053252352
0.6606041899506112,0.5692499401719172,0.7205721866755438,0.9538068136969007,0.5808887155889663,0.13511457762864088,0.8015738387045871,0.41465671980457075,0.8922891903153298,0.21523938606970983,0.7993107441136883,0.8836680332912065,0.786105358846528,0.677687446961169,0.7059284674738139,0.25482987980737504,0.01639866521391975,0.3089400320711152,0.26800085408825136,0.8121205232301746,0.07724631124222925,0.45482679252968605,0.023277604262642027,0.9793009083579758,0.44927056245631647,0.10863881447071966,0.7296774263883854,0.19613660864220794,0.6261049749520443,0.35957002616590616,0.9151239227395714,0.28995412956409117,0.9293948325110601,0.8056102145548445,0.040140708435004724,0.9870094401363799,0.02261865325855361,0.23653787928506853,0.05689037971361843,0.011659299232734122,0.7849736385006163,2.1024985746032994
0.8753133054715614,0.02779688067575481,0.7595186747043573,0.9066864989380015,0.24822717174106923,0.5133150204905337,0.059191469079681425,0.6217098990194388,0.012650205087903932,0.8864963586488762,0.029172988787040333,0.49429204650120295,0.34036692505152266,0.09056541252805372,0.01876483024301756,0.9623515746091023,0.18011151968455374,0.5190170398171073,0.8605750180959462,0.03752600267033934,0.423829968723494,0.9162628114217679,0.19242860394381522,0.2630682756472916,0.8800248630329108,0.6882457214382012,0.5568401105227831,0.8364467657721613,0.9318334896743342,0.7565262848330286,0.2716129537107457,0.08192011823821366,0.0563125768901116,0.13338285423467133,0.34662795411504366,0.5288040756008596,0.9071514982555172,0.08172991201900082,0.14347073081392125,0.3097054357113561,0.10059086265955375,2.2188900802108678
0.0723660782608826,0.7855414290649944,0.12752268452678794,0.9644164887982969,0.9435509999662423,0.2192709395850706,0.29444369785484126,0.61432183594451,0.9889951697853633,0.3792739158916092,0.91764983377991,0.7191290884011932,0.6269231212686646,0.5641954363742675,0.5277564570105534,0.1116895501726678,0.024538507012516253,0.12959821313963316,0.9227339629764322,0.8175335724109506,0.017586886439109328,0.9241826775569661,0.31266976367597443,0.03893869938305794,0.419024713686055,0.8543447094289291,0.5998773540629686,0.1297589785882599,0.9498680817050424,0.9957743606513166,0.11380583280731793,0.9211147637202997,0.18662975344790156,0.1941526054269188,0.714653116456575,0.030116554913712013,0.9753889207610237,0.9046192349342378,0.105525592541169,0.12515684747875677,0.09522147482802312,2.5398980682329686
0.34002730594385744,0.18124605691816975,0.9331224757438197,0.7671861011944309,0.5121171446423437,0.2832028100763817,0.8839158713611619,0.3822970483874203,0.3351162416126692,0.05226860472239614,0.1569889243378313,0.34478234058706003,0.14469692452003347,0.6485721477729969,0.6975839217644946,0.029372664890222944,0.033356469809327494,0.09050808197867866,0.9329066999005838,0.7771069183640215,0.04144378226423817,0.07110433506750358,0.45514462413711754,0.7633315838182125,0.04494632876662896,0.04340822776716324,0.05342427794777738,0.146692977593319,0.5488161969281209,0.33008182958054766,0.5715069562245608,0.48992062311210105,0.10615812615350873,0.953325552525881,0.5368369865203655,0.6526573211691808,0.23274826221550726,0.8531853158748159,0.21013444887679034,0.8331138315078386,0.4229728559021835,1.8925016406080468
0.6603479143561138,0.5470919474040044,0.25017356392398293,0.649321744668906,0.4123569125315858,0.22908241796152606,0.04570136668531788,0.8731955430171291,0.047313188306822296,0.5915057833540984,0.05322589845417347,0.3319803298765738,0.8081167729438712,0.035582315492510896,0.8153542784824399,0.5680457708917538,0.8574915948373955,0.0711864140719366,0.949053271458988,0.9567282095681474,0.9628545058555869,0.5425232877372101,0.2411071798671368,0.9114051998873784,0.7238941307275831,0.23725433685811548,0.00010225812914033128,0.05848534055537136,0.9183452155724371,0.2606760033723776,0.9640483005829921,0.08532637940850285,0.6097274255021823,0.01878994084645469,0.7238916319142228,0.8660305787967763,0.7019638894853157,0.013306755710186469,0.8019554523466497,0.5532944372047433,0.5851657703374893,2.522006125895478
0.1795827217192395,0.1316408548264817,0.6257118604545522,0.2811454923262703,0.5503469746414522,0.2826040296601182,0.4699658077994544,0.001945092276872118,0.3170516878220926,0.93248626817268,0.3357096798840752,0.19955306993746236,0.8630972973268174,0.5943395305882517,0.1099113066390548,0.1473470321808501,0.16288784586687055,0.025852077771849502,0.7138494065088994,0.24911810969167658,0.09113714558316366,0.23595440022398662,0.5398168663966009,0.4185874134210592,0.17464800168226668,0.9437025985098385,0.5056433809066756,0.33186282136642,0.7808849434808306,0.9353860092190945,0.9026114696257143,0.7453275591706751,0.669374170852621,0.19888968886976754,0.9729591455201424,0.4060159931995999,0.07961393333994138,0.9105942979162692,0.037345241327446876,0.8133260650706966,0.7810000416699661,2.29352138268451
0.5980408616231688,0.7301757803997319,0.7855089350437949,0.6598316881039196,0.31768109740719364,0.3742932233899581,0.025943220478277906,0.9592093266431183,0.8823390739579586,0.7779047764101602,0.5040542245973254,0.2457437492006076,0.45871309178969344,0.2596765750001834,0.9680722459482075,0.2516099830665297,0.09980712998345542,0.9427919376249477,0.1685138249094691,0.08267709270726153,0.10946274660192223,0.05554560911185147,0.3027471557217024,0.07779803616409087,0.21063974590193224,0.8603877180937256,0.04578557583994192,0.11443561418083936,0.8984399855145743,0.0466111467862701,0.21871178808717429,0.9960058048047618,0.01582420484864855,0.2129303255822449,0.7744735986109849,0.9412052988069884,0.8730081565093121,0.11497927825778598,0.9266718592777669,0.864809435173013,0.46329073156819134,2.2261634202202862
0.8070888324371042,0.06083977611396185,0.9535455742333635,0.6799770932061896,0.8819239429997792,0.08338862301844274,0.9491178070440888,0.5936280532778007,0.7212359028888004,0.15711704277514016,0.773436894965862,0.11558312677051141,0.47237123150279137,0.13180080695043128,0.511492328757378,0.2071353901035502,0.018523911118382475,0.09341795895091287,0.7466843415552051,0.40128391822732656,0.09470857929134247,0.43939909220428286,0.018444873866152234,0.5887210370801605,0.33966694676689035,0.24561676367181917,0.2433430363234763,0.6184597168391636,0.7023215890558617,0.4059320335721983,0.15469239641971255,0.11137168184086454,0.9018335081013399,0.23660204034056476,0.7621693209963037,0.03518339762914624,0.2509153170773081,0.8876263871687572,0.07747412639142948,0.8827370919388574,0.8964865230692088,2.334769767240368
0.3046244719226867,0.7627129266589404,0.8744491894793052,0.9467477318770986,0.4553778203104041,0.036448439822543754,0.730722552832642,0.9394646052566001,0.6717372027614789,0.8046957145056576,0.8768424725698045,0.8280414111898994,0.8866971617950342,0.10882191283240039,0.25355339613466554,0.2260799137156354,0.0090583299934337,0.7352295005672395,0.5966335709846473,0.953089657597097,0.9923838491204974,0.06921887662258086,0.08037915179849364,0.39255927917335853,0.2819163678733807,0.5784377040152456,0.15512707757863142,0.10509773716564896,0.7791764885691969,0.8982154840242316,0.8563025373823062,0.11331256198966744,0.5801644492738116,0.16030471480452002,0.36592100986318354,0.5494926253490132,0.7435881494534926,0.7300964011783004,0.4868358828306272,0.3962230315392461,0.8258047834883866,2.4565548369473484
0.7435389032830378,0.46875431492529507,0.8841969383512323,0.965706246686057,0.01866204147598105,0.582283661936184,0.6568457487571695,0.003605253450231438,0.8184920796797507,0.5184216103850855,0.5852513301237814,0.9469972533624417,0.023939815529741226,0.9975908071423202,0.8453020476122626,0.08701036796889505,0.08549205821688532,0.11025326333352425,0.9527830286690456,0.12792590463327924,0.5040719636139009,0.17649659136471574,0.8548868998707543,0.6334279437986654,0.021744135962232125,0.17657858124021175,0.37407820939646463,0.5420343664320167,0.7800771957375943,0.35264201678733353,0.2186886169997967,0.3003574877324112,0.8455766529068075,0.07322438374891915,0.5274198877834052,0.42172434149539006,0.14227978153784604,0.09008204614740445,0.31725172024125925,0.45305593294551927,0.04838172545351416,1.986084553743277
0.8404435055488964,0.2858227732775225,0.9845329116193127,0.999918477471581,0.42081826493873464,0.8017322404918676,0.8055324647475147,0.5028598733434442,0.6813982581132497,0.6117010251253181,0.32722804960319307,0.23443875471627973,0.007232012730908233,0.0023017366653357296,0.3401861734994098,0.23673862334419193,0.8598006928195435,0.6158487780997223,0.941239268387591,0.9523529777234245,0.045105274453269506,0.9861914292327786,0.5502979319043612,0.15207456728129687,0.12280768416000609,0.9891475194452604,0.08945824219838938,0.17904421149621086,0.9306009447516199,0.5582909846490083,0.9991092545799408,0.4210077535364426,0.9548243383370771,0.9151083375993901,0.6455696636901489,0.04967969232383951,0.012051957016149695,0.290186659466948,0.406371486583199,0.23783306948993754,0.9381061950817329,2.4467914661143086
0.0938239940704142,0.6274022873703102,0.5681092041832859,0.9818969880457328,0.7569195686285111,0.08412842446631474,0.44968717647237055,0.8631321891168346,0.1089044936521919,0.06691826421100344,0.10580140732470222,0.002917617886212809,0.7005878461121904,0.10145422347744304,0.1840565087805326,0.2900971067231328,0.6279885179097503,0.23821938863138636,0.09991212905090296,0.4762340699249462,0.43789516060671596,0.8830868755134301,0.9913295402637958,0.9139136417101186,0.9798674030504833,0.5665227165326147,0.6522927841203985,0.8275977219991894,0.8287629553663917,0.9272678025163092,0.011633421751728434,0.19916355548044218,0.8678221360663966,0.04318965737182234,0.2774799523736816,0.42503824115861066,0.8238826900161137,0.16271227384867026,0.35127921536408047,0.40879228304347415,0.9625049311601458,2.4587739078697433
0.7456891574511375,0.6305712995906623,0.27298572037161295,0.13243281702916865,0.39665540306511293,0.38396671310890795,0.8182531451884968,0.43423703618477616,0.09538417459997206,0.4340710139939469,0.08544156707319961,0.033867179378817336,0.06595090308328588,0.8154855675052503,0.8791080691698633,0.9058920236219422,0.11818035987713593,0.12345004011248406,0.31081569597094694,0.002986642655367855,0.603451204612165,0.061975073785837664,0.16190129850306378,0.985865379270187,0.06258505428125094,0.1851725087128968,0.9070141879092186,0.052149524537948855,0.03514236673200688,0.008493987278897275,0.6626801387904788,0.6381535486883234,0.4370095003711649,0.6579328137889887,0.5500784416680813,0.14039903111976837,0.9145757535313381,0.8117612956246334,0.14156026853974413,0.9834158385515929,0.7773944011185409,2.470123157891801
0.1530032424820411,0.1994395564783964,0.012891938778997525,0.7364250744311087,0.8240357994525883,0.07243713706206756,0.7269415369773609,0.6203850465205735,0.6968454445214647,0.8268465607915181,0.00010959720405190332,0.40204537000309004,0.16383403786258088,0.9083832256190927,0.9175673644591605,0.4902505523068511,0.4566331871429825,0.05981650715044429,0.09575899834712398,0.30137177181266694,0.20174359405779496,0.6483919449985882,0.6618400117481836,0.1579802003857087,0.11998239595493543,0.01278336172989547,0.06275319292623116,0.5786479811592112,0.6762772970198948,0.5460295961883118,0.9926524683317013,0.2678821584003127,0.9934002475636253,0.7435696026323331,0.4994992698822437,0.14861736516393997,0.38684342856853826,0.641519725174998,0.031355423924519954,0.8420382137228078,0.9794973212895444,2.260080371790488
0.8448490089685142,0.9959840506626948,0.17297478760192264,0.013710097345509875,0.08760494717337164,0.8331077063980856,0.3300055075988374,0.5803349655446811,0.6310674581888335,0.6759867668959352,0.3311931856573641,0.5045962013335897,0.012583887402705107,0.06696867714991261,0.9597138778950217,0.13184347506872052,0.9968878010423243,0.04795285868026222,0.4624619354113737,0.22498668894562113,0.39828609669903825,0.2628995361032821,0.05323839146464093,0.011893323826097646,0.28936230363247195,0.2513277616117271,0.13697494988305348,0.38092829186578625,0.9730262268999009,0.26444101865125946,0.4867197127348235,0.2608706218792394,0.04457515754013475,0.4466059677294476,0.3879516362983294,0.11337472721171471,0.28079287216008364,0.26154392908864343,0.7595835621309062,0.19450170186129556,0.3556456780584426,1.8609130466243582
0.11398300569533526,0.4636919016730775,0.9681804163037483,0.028252985260067254,0.12104471541296669,0.3062402632622724,0.6365906660797136,0.9078508955728518,0.473145033185171,0.6049860133893531,0.04056002976563722,0.23458197140883263,0.1497434463590791,0.17446883333595609,0.39041771275974824,0.996140373623674,0.41897873112166706,0.03889765648083077,0.277703273482911,0.712414097825018,0.007475184665931001,0.7424203226904298,0.07274490483598728,0.6843048518908608,0.7286575893214753,0.09078767778385977,0.02346559344746313,0.5226562872470223,0.1780318346729053,0.024179290950592125,0.4665873102187865,0.04128096172635254,0.1879015706578162,0.0779219715049757,0.10652097404031657,0.39090365590605936,0.5491025355099612,0.03183122269219063,0.893858228048492,0.0002482190496371217,0.2494034193944622,2.0943603202618806
