center_0,center_1,center_2,center_3,center_4,center_5,center_6,center_7,center_8,center_9,center_10,center_11,center_12,center_13,center_14,center_15,center_16,center_17,center_18,center_19,center_20,center_21,center_22,center_23,center_24,center_25,center_26,center_27,center_28,center_29,center_30,center_31,center_32,center_33,center_34,center_35,center_36,center_37,center_38,center_39,center_40,center_41,radius
0.26945579128384733,0.274458109222497,0.2662032731349817,-0.0013705416818976662,0.18887664980325466,0.2803513592121861,0.04259812533245813,0.7560809997392844,0.1457385625747548,0.08646759432395051,-0.0888613968061208,0.17646323812975592,0.822991257666195,1.049862650767029,0.38444530649890507,0.1816367567313378,-0.0035061093877728627,0.2712744474375334,0.41948824014796615,0.6020983432312768,0.6909300142925189,0.7979103378258926,0.5660684966507901,0.32333099880628313,-0.02255452904835374,0.3100238761887638,0.013128786906459147,0.07216938727113267,0.6808551531136979,-0.034151410231090557,1.0059069268760263,0.5569634443239715,0.2708726661036449,0.5500844058029724,0.8687541713945026,1.0426844478372912,0.7295646107525415,0.05722690055852106,0.33117211838829963,0.07697825819900966,0.1651144949576215,0.2994244530089516,2.6848004783812964
0.9820907326032783,0.1847350178990795,0.9747097770792886,0.49626160531157293,0.004488326987406699,0.8331917672042534,0.9007020701116567,0.28593964400582084,0.30501840396577384,0.8837255940657962,0.6710539287891636,0.6266516885165994,0.7440637525949086,0.41673954984275163,-0.014623375213236062,0.8897227026679586,-0.03087352084198998,0.050195193130996546,-0.037325105393779576,0.5637860130950421,0.4838932463396287,0.16466039355190262,0.4891534311838648,0.670023570947263,0.4952171407783501,0.6084535196745391,0.8508699978574518,0.6600790463801539,0.8882354891222783,0.30624724883611154,0.24406413810050384,0.04088869070926779,0.8954262689644015,0.5267382075096265,0.9134952448178483,0.7717762419822966,0.9795909678183384,-0.0729805442271913,0.10559976762035236,0.6265202558748516,0.3335405198211512,0.30866750775783935,3.065995557321943
0.5085370501849413,0.8517693413155226,0.7514424744991222,0.7212070829141703,0.8751677650064899,0.4034808455271197,0.7795017603496371,0.16858016773523507,0.7749866046766097,0.5732167999644627,0.07937912716203782,0.293765391853381,0.7367491084807998,0.9042168745997013,0.6281134521523338,0.0032283189687335317,0.8119264584567513,0.37729268973928665,0.6311877981851893,0.76122287634172,0.7531912597034669,0.5901080951820122,0.7442236138078765,0.7840857000504808,0.6315760374623197,0.7029130352172459,0.8570437051360673,0.9986012648255954,-0.07997512310657712,0.15749209050295346,0.1534305527519472,0.33193904979483657,-0.014076006532465338,-0.06017509142906028,0.31550387649890765,0.9772187062242811,-0.04414210511774414,0.18901896215534084,0.1441482476572885,0.23604867414843553,0.6699823376528345,0.36862213151747925,2.843896539375058
0.49561228605775454,0.8382112406333169,0.30124995630949136,0.4874166139922216,0.4304978912867595,0.5157192532155696,0.11166222678027327,0.2351041586019543,1.040773506876701,0.8122403273612504,0.7465962265733916,0.5363243821052962,1.0040132373594544,0.7278411803958083,-0.04398098159945016,1.0926166710495107,0.8724208824002528,0.5261269212114836,0.09054621930536899,0.2613447098095866,0.8937046240771687,0.0019916721730095233,0.08164251315200372,0.31482092426638686,0.02185311290320756,0.0048981221207283765,0.13606044462226324,0.8162369703012092,0.0611106305961098,0.5093086363855936,0.9681543737353627,0.45582999141175695,0.025725210113551278,0.3195983904563179,0.27088552469463134,0.4662305641932383,0.967607962861298,0.4364898152481639,0.7708998118765291,0.7601218929940592,0.43657438827865613,1.0559177682921608,3.276861128380944
0.2584229773259278,-0.07055092914273167,0.6171258560775006,0.7846509813612389,0.826459421114827,0.5468676694301956,0.09001209036547941,0.7349178257875042,0.07358528034280096,0.20182263623614335,0.7254443100175162,0.40733217295571644,-0.05258310453096439,0.3821162600485043,0.8710674931242315,0.23431661199488765,0.7785865515267587,0.4345233147500638,0.5643460894148117,0.9975666921079523,1.0550209792659602,0.2235395509348639,0.09369563481509566,0.46249061852736784,0.7024550530734053,0.25470957661695415,0.2006242826248191,0.4220537800679647,0.2574943652210099,0.13791982364379085,0.2026375096369569,1.0329452749201062,0.7983340664921236,0.5613045458925685,0.9933973025117685,-0.03934519064925843,-0.016106572401805103,0.536489133904502,0.95937219936792,0.5876301394769715,0.6652131808281578,0.09619009162120562,3.06201893558692
0.8880238901710251,0.7119013681594998,0.6654587863534822,0.0244886359782778,0.5887153190537122,0.43411378923200017,0.4713122672467045,0.9328804889414027,0.2600790453334161,0.07658770546212745,0.8095394643197363,0.7879271068650063,-0.08736518359685919,1.0055479750185066,0.1030267015717862,0.07546329510197419,0.25127922946806747,0.04016688827044815,0.42937089416741325,-0.09600782442448717,0.8776059038901257,1.0988692085795206,0.35623278562520344,0.9252643735788227,0.6644239294405299,0.280056813353703,0.8814579398139811,-0.00952572002964297,0.8832530111449222,0.06306319225325485,0.06532773118218543,0.4946210711684449,0.3568721724100795,0.7521232979018441,0.6838682561579943,0.8179888113946864,0.020507969319050065,0.4591308200479659,0.24385411438370516,0.012601254847808468,-0.01663332340709038,0.9799578308991251,3.1614391897140357
0.9186154199388433,0.06648941251644194,0.2227182333494012,0.04799677949845718,0.9291214603208423,-0.038754246785913944,0.4667420288686288,0.8508612503223574,0.24730200656745985,-0.08332639131563364,0.857302140697892,0.6336406730653701,0.8473883006511703,-0.07164556241638129,-0.03914049999779973,0.6347446009501124,0.8143998445481055,0.5197413222343399,0.24476337551874697,0.33497482996815653,0.9040449695485463,1.0974582882067974,0.9876367317557618,-0.02644127460411018,0.7102949869581756,0.7124117936000091,0.735226024230769,0.2381900370785773,0.9494034209168803,0.038125197222776214,0.1758852728919014,0.8684797249668584,0.15384559466350436,0.25203731427847276,0.9867823544587079,0.7309936366162606,1.0237817699175336,0.1604882490928762,1.0539117722867406,0.9983802059325583,0.10744065132108929,-0.08415623025387063,3.150523980052546
1.059162863325317,0.9355095573132289,0.7002031177389942,-0.08347389937128255,0.12458295139703465,0.949692130814339,0.4948534232230535,0.9281954448366175,0.8926371257291332,1.086299705660906,0.15912571463852068,-0.04867220146661173,0.1047163309957132,1.0696946082816055,0.13414594769789087,-0.004838588181332482,0.08394931036999714,0.7936568420361294,0.41605037081824225,0.8633027706329448,0.9529533415482737,0.6088337555590966,1.0929336861002679,0.33896788496572894,0.05441737191280263,0.0759407210451786,0.227412639925099,0.30520636531579215,0.2207180293965704,0.06757067331831587,0.523988509423248,0.5611501784680987,0.1547323091404755,0.22183188305690651,-0.05291258309447997,-0.05235934979430916,0.18645169610604376,0.5138260452965195,-0.042010515887641195,0.17316417806018672,0.07980059865774453,-0.07416627851334515,2.5463681728451886
-0.04794803055654122,0.8009038098385522,0.12627503019862332,0.7854303760456509,0.3728673322788697,0.1680508675748605,0.26753980999130633,0.6975561187060086,1.0507087189789646,1.0786568403448609,0.4106553144808949,0.8177280080723596,0.1375048522284738,0.20466630361209728,0.0973661827040975,-0.030944269238352154,0.6065158743077971,0.8920525918822937,0.6514526617120587,0.9649356421727907,-0.03974112731654736,0.9396247814127644,0.3199134387653779,-0.07572721168557425,-0.04241761077269139,0.5655364963641746,0.5087376306063808,0.08528805819422255,-0.06696516865469815,0.034891747422691244,0.47291549786610265,0.3066205637120343,0.44190670027524825,0.9633842969299685,-0.08328439464444046,0.32118422817281245,0.04970872568287496,0.004555957248044376,0.19066378399938436,0.23515347722645016,0.9609552694756706,0.23540938186377122,2.3619630525021797
0.9922107602537268,1.0886720227241253,0.007990340464534479,0.05363519744657555,-0.02139796824869908,0.6999989059595121,0.7166112727208307,-0.0290015594128301,0.16826701768731225,0.19006421784005037,0.5608190494111208,-0.09345029705112283,0.2874863581487841,0.17783359201042234,0.5322834339208005,-0.07134360486585134,0.3727276931532263,0.2839567065244374,0.4496650907439218,0.9225054519538921,0.7219025178539712,0.9126238841509448,0.770474054212284,0.010169211030208195,0.746110398558187,0.21258897224453946,0.07822328724229707,0.28293724266047104,0.3635779541140034,0.6258335211340937,0.5399273320974338,0.748427974492993,1.0290779933146605,-0.0009029475712703794,0.9443191398995304,0.9887314547416083,0.11761311223484769,0.3440335733165728,-0.0888584473200686,0.45778793970456455,0.7065759266360615,-0.009302818451161113,2.46352687977206
0.23892629934291623,-0.0087592191831109,0.6567520622222355,0.16059250360435526,0.19881153783204045,-0.08739047716745411,-0.02688736254511334,0.6426601130968443,0.03044151622979349,0.3109268532818461,-0.09936493665480675,0.1787320797941462,0.7122304939806577,0.17874353281993952,0.7936031166921726,0.920406460915198,0.7437089853357582,0.25623765929659137,0.4845843314279379,0.21907147961835158,0.1127211443274265,0.5942981819325382,-0.09539264599449315,0.44567139543985634,0.8238199599679579,0.3360685578645155,0.8802841575965793,-0.006444357044671625,1.032902399789228,0.16202046725420696,0.9304718244856195,1.0278703262257978,0.2258300668044844,0.47452220369488585,-0.0643125849374758,-0.003983512522820906,0.44300545630625965,0.11880080524509165,0.1264155538312358,0.20051674108557996,0.1811677377939698,0.9134793442417358,2.803545844488977
0.0104791863558166,0.9699498075618463,0.052195495996306296,0.01705961958603827,0.8206839943093097,-0.07335482014006314,0.9560481242670397,0.7837180611046406,0.1330332604840802,0.1329784358362189,0.05538112444280069,0.8529162037541761,0.7007770838030111,-0.08876555374511064,-0.022870907953609382,0.027186893427253306,0.14731271774681887,0.29225160627421864,0.7080242598130873,0.9132641490595045,0.10949428864914468,0.49888933670921587,0.7367817108297047,0.28110583455169724,0.5515820740154168,0.33692696399567756,0.009228348649197957,0.3794769901808893,0.04153106985964522,0.25331931839271626,0.974228774983987,0.6547351190204748,0.9470369545886564,0.7742851349269301,0.7182971394147221,0.4773860796524906,0.6028623078785118,-0.08237338183596173,0.8905917610810865,0.5114442646480145,0.4150537971760617,0.808765601262955,2.8561170164079193
-0.05766521260315418,0.4566667288203735,0.03478637404971974,0.014909765029020791,0.9132110256346359,0.39970964165182166,0.7956420127866108,0.06089643196894279,-0.07583490161814051,0.5655053636551441,0.21731319768957028,0.11430554500022014,0.27161904874818876,0.10727000701060521,0.28306727226614203,-0.036798928604268075,0.6130072799092599,0.8678051863515309,0.5681774510210973,1.0548425680785625,0.8197702229912534,-0.027873240246222133,0.7421538363378727,0.4868770564540783,-0.06962603221102646,0.27092770728213367,0.45389603041478754,1.063152726498547,1.0716151677462307,-0.0776715610546947,1.0348010613044007,0.16491837059266898,0.9905095412030217,0.4043083175546167,0.34277771265392565,0.13150490442546892,-0.08462977517881663,0.3830727847585623,0.0412671165447947,0.584065047468252,1.0293340411454348,0.9620792779976383,2.8639940450021175
0.6105285726356166,0.20933323819043795,0.14583970296108414,0.8751077425367375,0.40590537084808553,0.12394931176273663,0.677670550859566,0.4922568770980785,0.18248566905574934,0.08482080671772094,0.12335480345290545,-0.023633891100371368,-0.08572426882000628,0.5232911653725212,-0.011644836054147956,0.31942062083599865,0.7017548490358934,0.07945340512075608,0.3420661846866698,0.03264320997278977,0.0892780056995991,0.8731063761982542,0.7176910649242758,0.6997120311971999,0.5417690243354162,0.22499306928073362,0.05759400424478614,1.0708429446323913,1.0507764371283024,-0.028383601933541475,0.9639597955672291,0.11640723717305487,-0.06052395767288963,-0.07631277901408687,0.21223765628641986,-0.08895350378367715,0.7278701919724361,0.45157433769507327,0.6126759554374623,0.5632075210894605,0.9927728701430835,0.015215506224154546,2.8057032178667995
0.6981090258340751,-0.011291389298548046,0.986937014937855,0.7486694527579049,0.8435155742384776,0.04098105097640656,1.0068827096384447,0.08199597587734597,0.5776520182474005,-0.038600314867297134,0.17610202144718404,-0.08201859782158304,-0.029275840768837394,1.0300006467905,0.8953330611115589,0.13571798523790413,0.27051777127794463,0.5592213277150931,0.007550844303567963,0.587385940343376,0.8631966549039088,0.5376799551539755,0.9300403369386502,0.3344359712801611,0.1822018529985099,0.34846056211193754,0.6473051211545774,1.0559585190884784,0.05201754567644967,0.053622443683573606,0.835494015047446,1.0670353554159462,0.2626488239556146,0.7249732736597276,-0.028601393699574276,0.7531555142051373,1.0412056452748712,0.1102896934159657,0.9230769587634596,1.063100838875479,0.06399593731920042,-0.06787559542743488,3.2729489833991816
0.6257063001607085,0.29101483301509956,0.4508351482765641,0.8968724487548358,0.003999344304978961,0.15881012966352695,0.738350024356532,0.43419898861362494,0.6398175067071473,-0.029704716266092474,0.004651391248454179,0.808951427921005,0.909819553760637,0.5549043018061665,0.7134499994019252,0.5489022834464542,0.1519622014353251,0.6370532803569448,-0.01042871956297503,-0.033330174464267906,-0.025604099689063367,1.0763520383534353,0.9221601871174755,0.6126465010321863,0.12954467896195465,0.7636064533914665,0.13690923130462665,0.02958273793309718,0.28228826907044147,-0.07945240997974413,0.4004288827885166,0.6878566683329235,-0.026214796554118625,-0.061584354560452595,0.877342685340403,-0.06829260981867233,0.8006416714161374,0.22569441278458688,-0.08984726257542924,0.4366947564380782,-0.08857571677892798,0.7745066477662553,3.023172732079461
0.1833949777471264,0.2247157892023197,-0.0872363609025611,-0.08957287255602144,0.038325369852778124,-0.054828375749022294,0.6949088814456784,0.515810907919588,-0.01590075209890042,0.32321452193961675,0.08023481152660816,0.8133540143811054,-0.07517925446606533,0.8667167857744019,-0.025229922966748752,-0.07801764540619252,0.7782682466693868,0.8648770120669886,0.14680055466049577,0.20461591430304613,-0.02773919616011289,0.5248188991025582,1.0095654357593067,0.16082451578283266,0.3741757168152229,0.4867734322297571,-0.09542841833606797,0.7978015628515125,0.24037688231759244,0.528026056237792,0.05998058206061088,-0.0926829674773404,0.5336600547235759,0.25236382802035284,-0.07714530729447988,0.8756967491296487,-0.09801388668685665,0.3667886082740661,0.4658614797535744,0.5590794441337235,0.5239251238932112,0.4807527976127295,2.641531323320093
0.2568353741705499,0.6237097604977073,0.12297113696660825,0.3480687493342225,0.13454265294080556,0.9349485465373729,0.012817910041489966,0.9246550683649711,0.0687908539468434,0.03146817653336498,0.4827696236015214,0.013017691510386481,0.9798665098668052,0.06805363647163845,0.7298519204605534,0.913395781989831,0.4823175953198081,0.19889792969774886,0.5003619014854106,0.7096644112551322,0.07996832599202056,0.5618075287263994,-0.09069094149546536,0.13793025253311159,0.008075040091486893,0.4973087855687307,0.017069835149217782,0.20918137903921905,0.8595822919722729,0.5775246175479877,-0.09727515094285502,-0.09703215106774553,0.9026150783780998,0.964924212138761,-0.06438350138861537,0.766913833091235,-0.043964844530693575,0.025421182297128808,0.18662072868658272,0.3135356681036563,0.16717213300035685,0.5961283911380886,2.6876765432682244
0.20531573154074592,1.0358924858777634,0.14927678565467173,0.4112389781129475,1.071679885554666,0.12642886881055204,0.13531311602311305,0.8006758075850232,0.35138740829215187,1.0774219723102187,0.4678563403664986,0.07922227207769353,1.0272069942787452,0.6311041334337467,-0.049686698128773035,1.0343267546841786,0.5037453543630632,0.11508468386012713,-0.06851302776898721,0.980384905017092,0.11972519014634084,0.9892996700632916,1.0720677486617394,0.49045241536625284,0.8145607380214415,0.5937603818595841,0.7708291834149532,-0.06626357241281422,-0.09191993627937278,-0.05644717166299054,0.0013285216386166587,0.46873757325128373,-0.08206473892993632,0.854934179144695,0.5651642169875637,1.0896751667199027,0.4552804542811555,0.1771667476869256,0.6636624136968555,0.16373320992465953,0.9982145903691698,0.06476040328845742,2.994656809615651
0.7616472622606336,-0.03230920642731876,-0.03409254703202862,-0.05592931124335683,0.5212651765675136,0.8682036833259955,0.6028669305040735,0.33636452835105946,0.9456416657983752,0.9289782199464446,0.07519429209091105,0.845605311067459,0.12433257360998531,0.1670271571821321,0.4048991521722576,-0.06830903531935839,-0.045958174475119754,0.6605674864170773,0.3431862956834947,0.9693251375949868,0.14594074596666873,0.6284496700582709,-0.03788555009555438,0.8807789998320286,0.16112787204377374,-0.03123126010095896,0.6837226151207267,1.0752413234900016,0.8325855427995998,-0.001678523058457712,0.752091572750938,1.0121502481831386,0.7195510116573482,0.75588584531531,-0.06735454310029923,0.916098542085852,-0.029043003294669703,0.24291185660490486,0.7829960382534371,0.4859429795123281,1.0927712817550173,0.2614062700369123,3.175723783428673
0.3901162847147909,-0.00775330193339667,0.13927561316659046,0.020335260602602462,-0.043528771713692946,0.9667948417706774,0.8920454041605798,0.5639399746199896,0.09327001532264514,0.972212549374002,0.7952827204912143,-0.06098860467846823,0.6067679431669516,0.935860646867403,0.5978268230750834,0.2752726493618721,0.34909973375668457,0.035199264887714715,0.5329241764533252,0.6024147606135941,1.0403799207756272,1.0040003458845443,0.9507048018844085,-0.09194677492345353,-0.007941951439607242,-0.000896116757055268,0.8885208771118711,0.10515391155991638,0.05579713059580979,0.28290349196280773,0.2373376593151508,0.4954545491997717,0.12265517601369641,0.08850699312796861,0.043227622194512594,0.3481337673067957,0.273833674328234,0.17773627823693025,1.0378541618784702,0.03479890055163029,0.9609558953681293,-0.08723225437733816,2.48947479060593
0.2314849549694705,1.0471274612084396,0.42435115659839906,0.14773178216889638,0.2289533119922131,-0.0630187198655726,0.8839641650273192,0.49496311482737954,-0.00377606336026641,0.8625636072431192,0.6934267476762658,0.10177591427686158,0.2044130275166143,-0.05416930002671272,0.8704791710595511,1.055070335136824,-0.057409428483234444,0.38925598344172563,0.5608887465604635,-0.029508088794957338,-0.07272506973491073,0.8872393112012353,0.8310699829817515,0.15191118166983072,0.3890113356674044,0.384099852651671,0.0024624036607725774,-0.03988749580696189,0.48986286737752116,-0.04180973428114247,0.28260911711953707,0.9725388655737929,0.08484236882044877,0.6151913066835091,0.17293271390855272,0.6309920205942918,0.3488954801111649,0.2907292365174472,0.9007981996542979,1.0686044640121932,0.8361517310318968,1.073139436084275,3.0740625048435137
1.087467975944864,0.8233999451107504,0.2740925585300267,0.3193639827826542,1.0786974794151383,0.33187052507377146,0.04287106556752959,-0.04675881307506164,0.3885740417067206,0.20622328295588063,0.5107090029908272,-0.02425075427020984,-0.061679329124573995,0.18634100585559119,0.8562083360939634,0.30771736839110375,0.7801276740007831,0.17341047182887734,0.2689894407689215,0.8148161570479907,-0.07841610772515359,0.44412240952033255,0.6002043407750436,-0.04867870660143522,0.7142502196563049,0.6912556914518827,0.6507803898918273,-0.018297989952553842,0.9432389223857657,-0.08569394775008743,0.34441406847482536,0.4341276392671557,0.9599099511824848,0.08204842160741752,0.5701816482038204,0.894657704423018,0.9016678848843503,0.03302393303148732,0.10881097239371104,-0.017508872227356156,0.8608247580676243,0.8275885294193609,2.9763586466224794
0.00460389754884348,1.0448529655390342,-0.03830978310586994,0.482068957947672,0.6809525683793173,0.02927897669354501,0.897228782630605,0.2763529536992927,0.6124804683458083,0.9862679074562993,1.0702407233617062,0.8435582980951525,1.0209314172854738,0.03756878994418045,0.31375595864752326,0.027477161774424302,-0.010158912417932361,0.6680484187400443,0.1601852176918567,-0.08131750270703311,0.46231482205226637,0.8702286720420833,1.0587250601812845,0.09763068528152574,-0.0686944683760777,0.026493829306283523,0.6907997689058664,0.013085981862667684,0.9136071456217597,0.5897692179219544,-0.010193889154467492,0.09405863269922896,0.9969721750330768,0.05279989436560753,0.8975987623302815,0.10034182505279149,0.24899101359884532,-0.05426431160165557,0.684149693333528,0.8655216807575723,-0.045584130806761845,0.4298641119248683,2.721406909496353
-0.06370966266225553,0.7483902809747588,0.9221465857705183,0.4208618364599348,-0.07614941823931445,0.2201946043527249,1.0946420065991764,0.17875753328139296,0.6364538074222974,0.07746917373495416,0.5743780625998055,0.7776119511439954,0.78297465914843,-0.0859375564793937,0.7305921137699336,0.38246784774829934,0.08048831119627103,0.05357308998079727,0.6748736470217745,1.0848999124396788,-0.06909177952438444,1.020915514358413,0.051427004283502664,0.7939856457626122,0.7771973112289886,0.5467721257207705,0.823898366518604,0.03650920214649697,0.4285240555859344,0.46218662208142625,0.6540740147372137,1.0592513956301088,0.7976862994179768,0.7104536987475029,0.5686860575607695,0.06739653222561712,0.14371053149943355,0.4382015018466926,-0.09221451573105162,0.42002741824605394,0.534519115368583,-0.08612685464240055,3.1909273622778636
0.0036865026316413307,0.4192182821583782,0.2164436427149495,0.9079114948855697,0.8998315200318079,-0.033857125554680303,0.10918834405807526,0.2157411052540029,0.46919790057494615,0.6539404900516175,0.979804439477333,0.04092850295846587,-0.09526742993369118,-0.07692187803909745,0.49375082565774164,-0.09323148717339066,0.04830474596221812,0.19642004682157024,0.2603988797135175,0.008284173386633148,0.6125398652372877,1.0421759430687934,-0.016496834643423677,0.10129584434337488,0.8325994849470735,0.4934961088388823,0.5593659071998284,0.7917133244828988,0.18937046587478654,0.6397049969075297,0.14661548882535447,0.027163869218158138,0.6571409676396847,0.06515631585862305,-0.016673074205017402,0.22851829434124868,0.13716175345344458,0.37259542632461384,0.0003965365095975337,0.5389562060323722,0.6733901092120327,0.9637488581845955,2.731613444899497
0.4787648787057107,0.7312840602921474,1.0325137187473081,0.11956012019537932,0.9737054456477755,0.8042649482994472,0.39741888149257754,0.43122687266488446,0.010587499880711754,0.5530006508934509,0.019584220439594638,0.15943841602771355,0.5589916351768127,0.7978325403087987,0.8963559212502071,1.0514445472213758,0.6511750973604543,0.8251625165621992,0.6793571400539404,0.9633712325812022,0.4735716331469073,1.035964372919245,0.8019987031473427,-0.06680586001645178,0.19821025471789286,0.13762251092538383,-0.013538402145541972,-0.015407696939023316,0.7437269514603457,0.6575813917051756,0.7900749467405347,0.3511873257458278,0.39661726368444294,1.0057852041360649,0.15480791626831666,-0.0836404038002697,1.0368186260894452,0.07099804269061025,-0.029358319687302,0.8454402062041979,0.9396783872973363,0.13885595504554832,3.1015723727500673
1.0791720953080421,0.3643910362741162,0.8736764020834938,0.7068078643882738,-0.07390745322737066,-0.06485127104275631,0.5213466828925912,0.35461372711711836,0.8664556445031186,0.8053215345811716,-0.008839101513132872,0.8181499255789653,0.10019741069091148,-0.05071807523724998,0.3837227362918584,-0.09023903287724662,-0.07857201432261204,0.5587129513272511,-0.07331531287688581,0.6968082058465687,0.9863980540076737,-0.0593453945258004,0.7555606544108389,0.6492038140205193,0.6175962380017962,0.7712861748356854,0.37845883830844806,0.34138538074523306,-0.09172562524597022,0.3320768963563233,0.5200713619096463,0.08588890548553094,0.05911583013961402,0.5970125049169612,0.9084853191195815,-0.035004664542339275,-0.055592736126936645,0.32188838146329235,0.42932622150616184,0.8919742601724221,1.0461607819170213,1.0328938553732985,3.010646745995793
0.25133476208284766,0.4273444118303926,1.0854071497363955,-0.07450200733230469,-0.09416661655884265,0.6031637378156111,0.07799960802350178,0.01233315697514975,0.17922331270844746,0.3267134881083621,0.11277278701716009,0.08030327114614627,0.4570539447866062,-0.0026880145924056548,0.729089534432582,0.15947309841604915,-0.08102947918813705,0.48772334318881305,0.06250285267445799,0.7039158910957293,1.0353461699865718,1.0631665286562249,0.9145964466948376,0.4136431292680067,-0.0952729265198818,0.7391869989719659,0.9742967228860969,0.7149956993014605,0.0002266505244706285,0.0843649759654119,0.4345934417045897,0.9916873359102435,1.0484004911640392,0.03215161824742743,1.0656564094628007,0.9417904194867687,-0.07568149556026937,-0.07545051534983103,0.6601736477382271,0.19149699892875474,-0.07300701680169612,1.0746674844525752,2.9463629788991694
0.05931932651104638,0.5600054398856606,-0.05428614078009799,0.9315108263666702,0.05395677073783711,0.864665555983905,0.9467638615119432,0.5787329693090476,0.055555980473919825,-0.06758726204178137,0.6819248657759714,-0.07660177762337944,0.926455396207745,0.38383914387310647,0.011684490709139655,0.5849383415220941,-0.018473602617405507,-0.07528038624579744,0.6826470340241837,1.0277866263950994,0.5061010084343871,0.9674971018720914,0.6443216789293476,0.35285613357795687,0.12855746587551448,-0.04986275847691925,0.018044766035302057,0.9516781689637049,0.9268252287357067,0.3387273281912013,0.5440529617181326,0.36475706451831,0.582361606242972,0.1629240831954211,0.06209893262504959,0.02885624410701826,0.8345857128567066,-0.07492564920462126,0.0329699372746384,-0.032521485930903996,-0.04631126949145461,0.948667978885093,2.5114483314971117
-0.06369397057727384,0.3236722693921096,-0.03195019666137848,0.5567262966480716,0.6437616132097381,0.44627603701691543,0.23156166653387641,0.014344037258645942,0.8861884342905785,0.22647979146707728,1.0659017492229215,-0.08232152800646733,0.8937427197926494,0.5422178632529235,-0.06479958649057077,-0.07616619969062485,0.7551586883321946,0.5420069764016416,0.6936314067045026,-0.04158641536500633,-0.06373095049028499,0.08762677931398524,1.0101880557931122,0.6512135709345804,0.18225285309547454,0.7621792078940289,0.750689400468362,1.0620134992369819,1.0042313228930955,0.5985653932636156,-0.07816709065208335,0.6813829845896393,0.5284618754175453,-0.02268396118010098,0.3371727040186505,0.2323646911056724,0.5588002315661021,0.04839173494978616,0.11649086393632219,-0.03188660631226596,1.066327773772676,0.40557587878192813,3.119822239944223
1.0682158425800978,0.9776303542077923,0.6757256420492592,-0.0277628907389786,0.9895309120596388,0.846285753730997,0.19630393397444004,0.09502918951908046,0.918862438887332,0.005940237847085694,0.19779929906176405,0.33359103769059584,0.5411645365324295,0.15117171130543364,0.4583333025260268,0.9524898778262157,0.4203727163708506,0.6360317071756093,0.017393338746473808,-0.04775028631685365,0.17029689713501003,1.0464238130289476,0.7717006345167899,0.8189973045409691,0.29077394172840754,0.7235282827261904,0.5534470708771383,0.9662277021024671,0.9244791387588916,0.0898402528503961,0.2719786783857441,-0.0017231054362319281,0.17691352416144387,0.1247970473176786,1.0844248749999197,-0.06404878013728665,0.3147460560148799,0.5908092396032147,0.9206498422115751,0.09592526761156031,0.9978365382543378,-0.043650369415847254,3.118814976293018
-0.02615871623385528,0.87648879999074,0.515059160954341,0.48049150040875144,0.05344070061010239,0.08134190394885338,1.0232904679032613,0.3716645376672858,0.8212863871856263,0.8210427353937141,0.04398250968101902,0.7963794237762034,0.6996192308630401,1.0896773468583978,0.6583743534031571,0.3281201845903483,0.43065540857364926,0.7519778152633612,0.21258756028597767,1.084359952877722,1.0766586424121958,0.9304514031344947,0.7650215477292556,-0.01970408700120442,-0.054638593302355425,0.49396606497601725,0.14208288516890913,0.0069110779083109,0.7348913915965667,0.17447849485825143,-0.0018576452863924425,0.40663898312221836,0.6884783887609593,0.11097814325341201,0.09720372735515975,0.15674281749768273,-0.07069901174206361,0.5596355663911489,1.0869429702594193,1.0013391977751562,1.081976923264188,0.30502531049407566,3.044997312372857
1.0456599098236106,-0.06979025628194653,1.0902024381154094,0.1212678672261902,0.41700470983360693,0.9456821658190707,-0.08346743078261372,0.7765174004545896,-0.08699959918326897,0.30422421568977087,0.04450227740751625,0.5400400026123432,1.0220107698324898,0.6731355284283222,0.10022609906564325,0.47579758673068107,0.21631279593044075,0.3243422612780966,0.7141488191842028,0.05435654999921927,0.03265156514029821,0.983773827483586,0.19062500658943413,0.09417118915375894,0.43266293702401637,0.7290988572278468,0.9214453232961192,0.6469442212319346,-0.03309446455720497,0.1594631141963719,0.17972233762339831,0.4542778288655369,0.27036963175141326,0.5169439283892672,-0.06747428037135102,-0.0816643921208601,0.6916453253449828,0.1761891721163182,0.6884734825013914,-0.06504244750225183,0.08153601730496052,-0.08135465830039115,3.125124758842331
0.4204815240220843,0.03644352137448631,0.8507602264567908,0.45278354806321697,1.0070360392248612,0.8683047772403241,0.05763514989304189,0.7490316330475574,-0.09670283400333478,0.36119058896071443,0.9024884246662482,0.07196743171096179,0.2846278419618451,0.37598592414075493,0.4434040110560702,-0.0927468274506468,0.8742624888960336,0.6060568192148147,0.4745108333948661,0.42756920159947553,-0.005877992088976519,0.6746793743316263,0.9346878229476422,0.12901644662217715,-0.06352644117846429,0.5049986265362716,0.7509075905652862,0.649414274540618,1.0588284747043852,0.40994126483850146,0.4910844196519989,0.020231209897963703,-0.011564334264942688,0.6837021253130907,0.19176773207053385,1.0026771349689978,0.019666654455367957,0.5719108800142816,1.06449146456974,0.9497780620644748,0.9878689701459263,0.8763035303293011,3.165445257480244
0.38787078129460295,1.0431131266778693,0.3094812344473442,0.5040109286981053,0.29236928357630476,0.08207969502961582,0.06755850983286002,0.27524837523434353,0.3496516616842672,1.0997600547004682,-0.05829432538253587,0.02634419135081964,0.03178451464343693,0.4117759188111918,0.44882987760475634,0.03411018607519378,0.017227750960057395,0.8120417697620057,-0.009142883742233682,0.2021396409720326,-0.03570472106506821,0.07083270870068248,0.20815958957061267,0.7122526270791139,0.5491108645884437,0.7834335964540317,0.8820810626948637,-0.08928918494371758,0.7514850360360374,0.6094572528979395,1.0532345051450909,0.9072757704337423,0.496245371136381,0.06925425300704796,0.09624946917937566,0.13618413642152902,0.9590956745548186,-0.0385062895366448,0.6653923155402325,1.018886910219179,1.068328552311244,0.05224447546077868,2.602189554014604
0.5721890167102979,0.9852843689739555,0.7893615786048293,0.05862298684916975,1.038827135209717,0.20292023066692375,0.13221072155127542,0.6559996547058902,0.7045942674240716,0.007955532406118876,0.21559440217400014,-0.000507171305537138,0.8018782103049055,-0.026083092033138744,0.027649708731213057,0.2826159726698305,-0.07152455552023582,0.5908161245676908,0.5962007708439827,0.9620911456352924,1.069092309060365,0.2783623459406612,0.8467012093940199,0.5316541064577401,0.025238489265510117,-0.03316214267844822,0.9767990499310696,0.10013924952738418,0.1506498880306993,-0.0747287839847939,0.9717324224830818,0.18004926131824547,0.9289149356809533,-0.015743687456546196,-0.015141678735335548,-0.021494049941336607,0.23313747380372526,0.0021794483193609826,0.5436222341402721,0.09185356761031901,0.40251421452705083,0.10827727853484545,2.4788064139250983
-0.014307713987885232,0.44172212471539474,0.1170221876215588,0.8953125335154726,0.1402402284267706,0.45133829965906247,0.008135354462561584,0.8525745315751272,0.16785832892997096,0.5033232748425766,-0.003568884118304305,0.725590079645624,-0.06857620856510924,0.4527761594220777,0.5691724753433304,0.5610796277005764,0.8023661144463679,0.0345844241379035,0.3097497983964549,0.49302479876494176,0.975025140365401,0.5802352600929422,-0.051377815812093615,0.6602358159983989,0.032086613998959485,0.6536594493121056,0.8196172684976343,-0.05324031229969299,1.0476747582198647,0.2576145009812315,1.0762547539195795,-0.09056454079556286,0.5451270029306406,0.5561307860630874,-0.06017621892102354,0.7900170623526535,0.6546467085869919,0.21564741100112697,-0.037768219047824785,0.8958084101590048,1.0781973403493679,-0.04672219424157391,2.8647761555050395
1.0885352322172048,0.31303836063321266,0.2981864961486663,0.5305155871932639,0.9196681848886957,0.3889304577196112,-0.054088688904508096,-0.08831838504577194,0.8971379897168499,0.9759862734923509,0.6056023012329574,-0.030557513519889126,0.20160214310440602,0.7762100778640908,0.24169766497680314,0.14959137186492805,0.11498400442332402,0.4972626446483335,0.6626840536334054,1.0264965335753666,-0.09025931820425404,0.20706684711770232,1.0403399912208233,0.027111088154813834,0.6057640814615792,0.46479658303202287,-0.0860385229673007,0.9081465735735904,0.49960053972481155,0.16060154323202178,0.05549014405226027,0.8549315511290037,0.08165843268556655,1.0938167412111444,0.9949228304347301,0.005744371871159712,0.5635386741774931,0.5989373702247782,0.1155294877978571,0.5379616013797055,0.012344147911934361,0.5441845869161083,2.8413830652826637
0.9406321269892198,1.01524823785246,-0.011481243608274905,0.6462050595051084,1.0543107186520837,0.9707064918022029,1.0112827174399466,0.9247848346461599,0.3914803213889454,0.05345308889199643,-0.06535132593001128,0.7089815768921911,-0.029821781407821005,1.0937346745097396,0.09684914078127368,0.9992842756738459,-0.06955897012967893,-0.04169956286836444,0.3089742134140111,0.9994323615455637,0.21283025386432933,1.0368640501269444,0.8203628204472092,-0.056393112763308564,0.012239567248178693,0.1246462479688201,0.4926446084720637,0.10356799294721061,0.28106854388917024,0.3502152186155183,0.6902743783972829,0.09349403256501934,-0.035792530087271235,0.8586708038618318,0.6728268151639575,1.0312726758653197,0.7581092376648025,0.20053175205814164,0.8434419195087085,1.0159168204927906,0.04029956693308062,0.9849790480893795,3.266531984868753
-0.08978850854068901,0.7309824118262122,0.7530144007660888,-0.07073993845155506,0.04978525820147822,0.4476614983343128,1.0146726799233234,0.9128334548758349,0.9823543697136156,0.5232831501514972,0.8948882735562025,0.16536173982874222,0.08843220337196897,-0.09954071877023019,0.8318756830141764,0.3195573107738231,0.856459230042422,0.18965655012509933,0.17051796816468698,0.2866549250896664,0.12281979367845183,0.9139440569009308,0.2950137383201623,0.8784610315263152,0.2613369875583995,-0.0954619653123506,0.006047989881701271,0.9586680901446128,0.11753903382801498,0.4669111189323,0.05227949300368351,0.5740929339685614,0.9743626915460425,-0.06730334608162178,0.7999239702471482,0.7298255181609676,0.8146321632450485,0.037110728831201034,0.1587620527066078,0.05154830203716884,1.0084945209320395,1.0905017117970015,3.3713434246374625
-0.06261755045229464,0.9294613736688179,1.0121450187053103,0.8487932774582329,0.07608298191837237,0.5888652873480272,0.8447127058545746,0.06400310275894969,1.0562067047542685,-0.04078311355144279,0.8348923269924622,0.33577654383790445,0.10215072579673903,0.743738428939125,0.7573103760061278,0.2550054914491796,-0.020463703057767457,0.5104870286719043,0.01663229024834935,0.046371133062073855,1.0446122098229527,0.44254926847368026,0.9484033386449443,0.022961158036346213,0.24461594879294543,0.26879931104299093,0.044582001877378236,1.0965913107714234,1.034384216582965,0.2318677712309332,0.8328601193195931,0.43044891210391933,0.8224746544450502,0.8425119664486819,0.9865881644753675,-0.09254162504148954,0.06638066975152326,0.40070511120792796,0.12803761869120833,-0.09065537316015046,-0.05452982876948944,0.02146616419148374,2.869586613211249
0.11764789515128746,0.21889670163203043,0.05722338321602374,0.25123472329082797,-0.0763134105332611,0.9636335969833422,0.18497452168864317,-0.0890918332381869,1.0423740019987666,0.7740460759432995,-0.08403813273141268,0.08804308760870427,0.3211333372060735,1.087277830283442,-0.09383860810090436,0.06136977199126553,0.4834557895787013,0.019411375341951198,0.40195324498007645,0.6702216516420084,0.3576214401945035,-0.07592309705795941,0.7797323992648502,0.02668197705744546,0.7883921004377932,0.2399194228911096,0.5950055709170774,0.16552374854002835,0.23428588545106874,-0.04076260153736286,0.940692543916006,0.12018829734185749,0.6722246553724366,0.058064479327886,0.9460091974753125,0.8690382825778362,0.13119266655874856,0.14074197847636488,0.2233393501108675,0.2918792571265305,1.0442766336716878,-0.026510107964773155,2.702302395445347
0.946111119021222,0.8762536051460406,0.24973063071875704,0.2510441504147115,0.971975208907658,-0.045369933386973156,0.4422778167114404,-0.017509940748121025,0.05384068860332489,0.18877233966664028,0.10858528833395698,0.792652682641956,0.7480462793955425,-0.07684327909776267,0.8982413617633294,0.8165170381431661,0.37758632349165755,0.7117684229505494,0.01730374965174955,-0.0929539482166502,0.02545668019323849,0.07488786280844562,0.09823118221392874,0.31177709200652937,0.2370751609560479,0.27840981716168434,0.817037422937813,0.17792256382511643,0.19604919993671424,0.28344285548640324,1.056442727526448,0.6168909164286691,0.25623935892651883,0.9559424328121339,0.8881324962508428,1.0925683239295056,0.05098363220130883,-0.027234427171804243,0.6461496309301554,-0.015818033365925008,-0.0623832290875046,-0.017005152499482618,2.8720174931998885
-0.05769053621585258,0.9506259908718279,1.0192233943224258,0.9160700511113099,0.9642789112582032,-0.08398275309930088,0.7937041977804089,0.7932649190860227,0.31043399613657174,0.914992396816983,0.06025988801448748,0.11363270479740323,0.7431406745887935,1.055440664822478,0.9085742119400569,0.8965225047813244,0.48078914019872876,0.2115691981013705,0.37311198537571855,0.8502091765850657,0.03229263856594877,0.16764373474718544,0.4688129829480241,0.0880873948723751,0.5725233861879035,-0.010319147927469394,0.4880679521091953,0.9313556125640864,0.9718963666196404,-0.078548457569284,0.3757906985837759,0.16558961187364843,0.9298439609969732,0.714163090957779,0.9989229720623002,0.2581052926979017,-0.04431310856924302,0.29371941681156655,0.04516787038998987,0.3607358789994939,0.30536228821119926,0.8522504162810375,3.054436933393179
0.8098226904777192,0.05449271451414772,0.09694217227187668,0.6960679013818656,0.18080386199428553,0.28881358636005827,0.01793212061051877,0.05483615858912777,0.49329171674815664,0.8808118618146717,1.0676279974033964,0.8192254110311716,0.005714956680895708,0.14312161267783316,0.6078909420668672,0.25926466599800246,0.7065955303991133,0.598394777691243,0.319723003975134,1.0425734934861968,0.41533528107678475,1.0788214609891518,0.8653441142400092,0.031611810675849145,-0.038182183601904604,0.7733491956934829,0.7274564615585211,0.8928232950731725,-0.07459252701269356,0.06694543416102341,0.0011584150491773387,-0.07224604862786936,0.9657472471850442,0.2812893070760163,0.5896650149478377,1.093846987587668,0.15183369881427852,0.37011150632660916,0.020936621533207023,-0.03434763452410129,-0.0598379085057581,-0.09325908302171225,2.629137084297882
0.11369691806382848,0.8624685688597037,-0.02728341069907038,0.03535327316550935,0.2662134030172041,0.9453373858927597,0.9342995798346957,0.9023211109206851,0.9437120453561977,0.9599216691125442,0.6783496348971433,0.012222470919066364,0.7665612787026216,1.0622239214379778,0.40699309552350527,0.15286686373594757,0.07358274575391754,0.8379026979629417,-0.04976964160560382,0.8146646377670141,0.0659903157870673,0.8774735368084128,0.8257087176001098,0.13170216282469038,0.36136275720070477,-0.02704845123926934,0.9220201820170725,0.4215524393269112,0.4013410016150796,0.4941006191041927,0.19366656980271488,0.4402388921864122,-0.06425223618765945,1.0418759656519228,-0.009490245560433624,-0.017784024704877763,0.87839380757756,0.035769908563097724,0.9879894972434732,0.20026802926414275,0.060784889078772913,-0.0956742108032786,2.8366768124860537
0.03201699383493606,0.9834142264525182,1.016005925926641,0.7201177818951868,0.7165773319470181,0.6984441002784791,0.8794722287010602,0.812729496685021,0.10112480169029203,0.929883696551773,0.33977709833792835,0.7964259532785909,0.35253652198124297,1.0759590232263576,0.09218672255525673,-0.06810760053385735,-0.09299409173901826,0.6542522681984054,0.7060256895624405,0.8244362234595042,0.579157820120343,0.08781976147110307,1.0358339931825966,0.7918349052150768,0.4043837498072015,0.7526620648610503,0.05956242561474037,1.051713969548701,1.0758474863322047,0.31611362533676446,1.0405839880621652,1.0058837356510966,0.3624719787328381,0.798382694905364,0.4725571755754906,0.8507250087627459,0.928722329218982,0.2575478529241412,0.5905815345386829,0.19085737485968826,0.9951692316124728,0.6973475960909795,3.4782135705360693
1.029892011638991,0.19909052709106315,0.007717777287505279,0.6133074764401679,0.33651766421413254,-0.08413106733655504,0.011180999172329634,0.026723855771817046,0.07315783907929924,0.760724522544359,1.0541531154211956,-0.059691534517613054,1.0037990989933099,0.049940438441291285,0.32033833514760224,0.2537880515712825,0.33525523784991174,0.5534864778749587,0.1458586556003516,0.0750267307353791,0.8844340248569351,0.982554620007195,1.0150140327564205,0.7919625718489103,0.18989934154986074,0.1893968212875061,0.026412478596461036,0.168448245243583,-0.02084293857188574,0.3915459071051087,-0.02926223732691166,0.27989813807171715,0.41771943974695924,0.8875225237167035,-0.0330880025981643,1.0892362700199036,-0.04209401498742538,0.12493506094689286,0.835626949905984,0.0003453118614416967,0.14365290675964024,0.11835237466071316,2.534202510145581
0.97802667633221,0.07131619451904372,0.16496242745019887,0.6133339721474985,1.0306530202468742,0.8168636357248132,0.008391137319896588,0.1816866333985461,0.32762203117858757,1.0557469684996197,-0.051600724933039334,-0.03498888027447726,0.9157710550040877,0.19350770921822266,0.5482202278091759,-0.0913835529233599,0.1625859333164151,0.17401745064410903,0.2408732899380425,0.6319768592896929,0.472798179109279,0.29289540891703114,1.071053568128859,0.776985031430025,0.6163081957579225,0.5882013484944899,0.2165165274750376,0.06507625061672503,0.0005600266755965283,-0.07055725712028385,0.12566998067302013,-0.04267629622140716,0.6903320600247111,0.007150397077661019,-0.029109231076866707,1.0657577815684576,0.9489090488014967,0.5977981403427863,0.9325712039523816,0.6303011159768555,-0.05286516059759405,0.9880349951615196,3.1760871518500986
